Cell_Layer_L2/3,Cell_Layer_L4,Cell_Layer_L5,Cell_APThreshold_Slope,Cell_Depth,firing_rate,ap_duration,std_vm,fft_low,fft_high,ap_threshold,mean_vm,cell_type
1.0,0.0,0.0,0.25,0.23731884057971014,0.021290017347421544,0.07368421052631575,0.21830176016623554,0.119617145941874,0.1854398771499084,0.29220606896439416,1.9375098420729808,EXC
1.0,0.0,0.0,0.25,0.23731884057971014,0.0335909162592651,0.08712335935115335,0.24926614857861984,0.16250886737848597,0.18013102603284437,0.35411688416798903,1.9023036582736486,EXC
1.0,0.0,0.0,0.25,0.23731884057971014,0.11969720864217001,0.10359891824422715,0.2809512193693135,0.23362712804708796,0.269657882434059,0.6287371639936474,2.6054079789603057,EXC
1.0,0.0,0.0,0.25,0.23731884057971014,0.07049361299479577,0.13065431047021422,0.3987092787821464,0.28313066521460023,0.2992245849781889,0.6063898512879148,2.035479200534072,EXC
1.0,0.0,0.0,0.25,0.23731884057971014,0.04873048415076487,0.1264239983167513,0.3648526073164268,0.28266499592435157,0.3218881660103406,0.7428263546592042,2.2424758015038373,EXC
0.0,0.0,1.0,0.25,0.8188405797101449,0.00047311149660936763,0.11145510835913311,0.09975118002355671,0.2817858746497565,0.1438925426467319,0.4476962105735638,0.5045960017368603,EXC
1.0,0.0,0.0,0.25,0.2644927536231884,0.0014193344898281027,0.3157894736842105,0.10247024483116607,0.11484457535290185,0.11036134025193839,0.21648962502765814,1.3088365752322584,EXC
1.0,0.0,0.0,0.25,0.2644927536231884,0.004258003469484309,0.3529411764705882,0.12589776610874076,0.13083090758363533,0.15278539518218714,0.3338150387398277,1.4772283916924518,EXC
1.0,0.0,0.0,0.25,0.2644927536231884,0.012774010408452927,0.32817337461300305,0.25755894690748943,0.187578131602946,0.348863487140683,0.4802111178479575,1.70399824828235,EXC
1.0,0.0,0.0,0.25,0.2644927536231884,0.0014193344898281027,0.28173374613003094,0.11480662996147789,0.16354511173299746,0.19824443509817735,0.20814760800099188,1.253243844704344,EXC
1.0,0.0,0.0,0.25,0.2753623188405797,0.0014193344898281027,0.1547987616099071,0.6028349211561139,0.11632593796982113,0.5266684467114173,0.025192007302508916,-2.1086275675976927,EXC
1.0,0.0,0.0,0.25,0.2753623188405797,0.003784891972874941,0.1660216718266254,0.6693577555336194,0.17135408530648144,0.798482890898748,0.047137199821523555,-1.486276828884319,EXC
1.0,0.0,0.0,0.25,0.2753623188405797,0.0052042264627030444,0.18998029833943145,0.7392726998556534,0.21744144206842236,0.7473611197193621,0.029699109477040953,-0.9187421847715153,EXC
1.0,0.0,0.0,0.25,0.2753623188405797,0.0014193344898281027,0.21362229102167182,0.7754110168453829,0.19520256802646707,0.8152728677940626,0.03372361562523639,-0.6996937919138336,EXC
1.0,0.0,0.0,0.25,0.2753623188405797,0.0028386689796562055,0.22136222910216716,0.7264737007780855,0.17920994020826164,0.7289950427286043,0.06145134267409943,-0.8179910849036744,EXC
1.0,0.0,0.0,0.25,0.2753623188405797,0.002365557483046838,0.9659442724458204,0.25916004729022035,0.2315310180155019,0.21197809904821202,-0.6876902250149652,0.013767372914425504,EXC
1.0,0.0,0.0,0.25,0.2753623188405797,0.0014193344898281027,0.981424148606811,0.21847279798882718,0.15545466054323287,0.23612869935006736,-0.43333454222006046,0.12722291307562034,EXC
1.0,0.0,0.0,0.25,0.2753623188405797,0.0028386689796562055,1.0,0.20718891772338338,0.2455468150464022,0.17084472087532765,-0.7216081078802078,0.6873706724579495,EXC
1.0,0.0,0.0,0.25,0.20652173913043476,0.015139567891499764,0.20694659442724456,0.26371416694779154,0.17597855131383866,0.3833954139306934,-0.6350893048685515,0.028881149947615193,EXC
1.0,0.0,0.0,0.25,0.20652173913043476,0.025548020816905853,0.2414860681114551,0.3193651291946827,0.18761652205725166,0.42527920210630793,-0.6004066054485775,-0.0791028996866859,EXC
1.0,0.0,0.0,0.25,0.20652173913043476,0.016558902381327865,0.24307828394515696,0.2563504077772631,0.17047736952713893,0.4210640379999256,-0.6837900612102906,-0.08663106862115597,EXC
1.0,0.0,0.0,0.25,0.07608695652173914,0.0,0.0,0.4091484485251948,0.057907209996817116,0.295856044530397,3.4343278974162494,-2.0257444863152294,EXC
1.0,0.0,0.0,0.25,0.07608695652173914,0.0,0.0,0.521670741604572,0.09487751446643475,0.36212242703905334,3.4343278974162494,-1.4363419392085368,EXC
1.0,0.0,0.0,0.25,0.07608695652173914,0.0009462229932187353,0.42260061919504643,0.4720964449593043,0.062113234338904755,0.48961242757685935,-0.6588533888841474,-1.1878685811764989,EXC
1.0,0.0,0.0,0.25,0.07608695652173914,0.0018924459864374705,0.39009287925696584,0.4398872957070595,0.08505420712719364,0.5241864831790266,-0.5833486552280125,-1.031861319883179,EXC
1.0,0.0,0.0,0.25,0.07608695652173914,0.00047311149660936763,0.3436532507739938,0.334195519691554,0.09330408959024175,0.40097282520938365,-0.7902401570541462,-1.2122368116197102,EXC
1.0,0.0,0.0,0.25,0.07608695652173914,0.0018924459864374705,0.3529411764705882,0.3186390269981388,0.09305620831875638,0.45398381155976014,-0.7185035504072153,-0.8739204416528867,EXC
0.0,0.0,1.0,0.25,1.0,0.010881564422015454,0.2519854623771705,0.20025754227444764,0.4755854266284991,0.24027104797829218,-1.039412578676751,-1.2042968942500136,EXC
0.0,0.0,1.0,0.25,1.0,0.008516006938968618,0.6016511867905057,0.1624602424481525,0.3775105670493079,0.19207423794438522,-1.3136859262028002,-1.073162915078794,EXC
0.0,0.0,1.0,0.25,1.0,0.0160857908847185,0.6468767073392824,0.14449549268306766,0.33691547579824466,0.17237263260177776,-1.2930195455630966,-0.9128380033476736,EXC
1.0,0.0,0.0,0.25,0.42934782608695654,0.0018924459864374705,0.1439628482972136,0.30717837379450547,0.36404754577436405,0.2494994554194373,-0.3407665919184706,-1.0500010939164885,EXC
1.0,0.0,0.0,0.25,0.42934782608695654,0.0009462229932187353,0.1393188854489164,0.2709103755713262,0.3426091551863824,0.373890189469458,-0.31758905597506154,-1.0433318164715466,EXC
1.0,0.0,0.0,0.25,0.42934782608695654,0.0,0.0,0.21876357789544398,0.34065141651920755,0.15586418710041422,3.4343278974162494,-1.1141641686663912,EXC
1.0,0.0,0.0,0.25,0.42934782608695654,0.0,0.0,0.2592728882392178,0.35701709296126277,0.23715926255988584,3.4343278974162494,-0.9756795161256521,EXC
1.0,0.0,0.0,0.25,0.42934782608695654,0.0,0.0,0.17536406061555754,0.3538643548311153,0.2104671856111885,3.4343278974162494,-1.0630342574537617,EXC
1.0,0.0,0.0,0.25,0.42934782608695654,0.00047311149660936763,0.13003095975232196,0.303187328775469,0.3872857136217897,0.16747782503493797,-0.2672525668709718,-0.8208776593115089,EXC
1.0,0.0,0.0,0.25,0.2300724637681159,0.005677337959312411,0.19736842105263155,0.5341980634929884,0.27460350017666113,0.6274250464161188,0.17148539112527186,-0.7872531473583176,EXC
1.0,0.0,0.0,0.25,0.2300724637681159,0.00993534142879672,0.28438743918620074,0.40126753843343127,0.29048613557312064,0.39009582233147316,-0.13594705211357055,-0.7526888037092824,EXC
1.0,0.0,0.0,0.25,0.2300724637681159,0.00804289544235925,0.3141504279730468,0.44145593657123455,0.30505118192052594,0.5132870555330056,-0.2666837929827901,-0.5605691764756973,EXC
1.0,0.0,0.0,0.25,0.2300724637681159,0.014666456394890396,0.3876959952062318,0.6750562746966802,0.3657883365048702,0.832547864820719,-0.016496672361913208,-0.5320280133788324,EXC
1.0,0.0,0.0,0.25,0.2300724637681159,0.014666456394890396,0.5297113752122242,0.4905069160325654,0.23191027062849118,0.5366850294358583,-0.42783945255843264,-0.47308088325228154,EXC
1.0,0.0,0.0,0.25,0.18115942028985504,0.0,0.0,0.048763543750474536,0.048302311242573864,0.0,3.4343278974162494,-1.8357346879265732,EXC
1.0,0.0,0.0,0.25,0.18115942028985504,0.00047311149660936763,0.19504643962848295,0.32193528905924734,0.1434993573217515,0.36573545123350987,-0.05026532852961114,-1.2765208920164854,EXC
1.0,0.0,0.0,0.25,0.18115942028985504,0.0,0.0,0.303870116311075,0.14970421961619235,0.4671931949629901,3.4343278974162494,-0.8407832912798837,EXC
1.0,0.0,0.0,0.25,0.18115942028985504,0.00047311149660936763,0.2136222910216718,0.2901488146747178,0.14726118271733238,0.44096066099234316,0.02651914637493299,-0.4209255332328113,EXC
1.0,0.0,0.0,0.25,0.18115942028985504,0.002365557483046838,0.2953560371517027,0.35027410366101347,0.1485768691511207,0.36401124312239047,-0.013067516242520175,-0.2670013009135633,EXC
1.0,0.0,0.0,0.25,0.18115942028985504,0.0028386689796562055,0.28173374613003094,0.3573389208656677,0.1520744894663566,0.43115874633668766,0.26568856635538435,-0.0015340479379977211,EXC
1.0,0.0,0.0,0.25,0.18115942028985504,0.0009462229932187353,0.20897832817337458,0.24038002617945953,0.17377249973381387,0.38603935588312416,-0.06448467573415609,-0.3903064611896988,EXC
1.0,0.0,0.0,0.25,0.18115942028985504,0.0,0.0,0.273708690020459,0.14306432687954015,0.38633494401725826,3.4343278974162494,-0.32626056724497476,EXC
0.0,1.0,0.0,0.25,0.7572463768115942,0.002365557483046838,0.2526315789473684,0.17791761514607746,0.16903812622103886,0.2713901080488415,-0.706516640713784,-0.8014388312596747,EXC
0.0,1.0,0.0,0.25,0.7572463768115942,0.011354675918624822,0.4005417956656347,0.2347154494929929,0.15324456016104854,0.33998337560031483,-0.6948046383996392,-0.7331869835376139,EXC
0.0,1.0,0.0,0.25,0.7572463768115942,0.014666456394890396,0.4467192649555577,0.23903584487091156,0.14444666037434645,0.24284643794274607,-0.6440377464742502,-0.6048652043840657,EXC
0.0,1.0,0.0,0.25,0.7572463768115942,0.003784891972874941,0.3622291021671827,0.11413555895672428,0.10535768725460304,0.1845311645235994,-0.6734282197688071,-0.5591430044058336,EXC
0.0,1.0,0.0,0.25,0.7572463768115942,0.0052042264627030444,0.39600337742752606,0.09972889775586607,0.10528269600873907,0.2036146994740487,-0.6870594030662548,-0.31580385504141373,EXC
0.0,1.0,0.0,0.25,0.7572463768115942,0.006150449455921779,0.45653727077875683,0.1208972492342279,0.11272999964396163,0.2125282410265325,-0.7189684136812101,-0.41072676667769437,EXC
0.0,1.0,0.0,0.25,0.7572463768115942,0.004258003469484309,0.5799793601651186,0.09420699216324224,0.09641643635126013,0.15777848863029148,-0.7713442245467728,-0.2589104391437796,EXC
0.0,1.0,0.0,0.25,0.7572463768115942,0.012774010408452927,0.504643962848297,0.15577761305694,0.10541424473854283,0.1856482976939085,-0.7888182223336925,-0.3225815611267935,EXC
0.0,1.0,0.0,0.25,0.7572463768115942,0.016558902381327865,0.5166740380362671,0.1388396454762521,0.1159399320781917,0.2261910251566258,-0.762695250183627,-0.08341117199444344,EXC
0.0,1.0,0.0,0.25,0.7282608695652174,0.00804289544235925,0.1999635767619741,0.2551427557019193,0.2358348967703875,0.42028500231847604,-0.027497644358568624,-0.22160966981886487,EXC
0.0,1.0,0.0,0.25,0.7282608695652174,0.010881564422015454,0.21846816529815585,0.289044828542209,0.30973436816289923,0.39752255049919555,0.04525159073570411,0.2719208781082378,EXC
1.0,0.0,0.0,0.25,0.18478260869565216,0.0,0.0,0.40526572322590076,0.07238382707371338,0.346629196894301,3.4343278974162494,-1.4665133286754906,EXC
1.0,0.0,0.0,0.25,0.18478260869565216,0.0,0.0,0.486304702839005,0.11891261178176782,0.40941827530622393,3.4343278974162494,-0.9551017450946644,EXC
1.0,0.0,0.0,0.25,0.18478260869565216,0.003784891972874941,0.30417956656346745,0.5319179124935376,0.13873390314157152,0.570069428953375,-0.5769499489859675,-0.4551211460191334,EXC
1.0,0.0,0.0,0.25,0.09420289855072461,0.0,0.0,0.2578418818548263,0.08838573651990264,0.2641008181665954,3.4343278974162494,-2.853857491765812,EXC
1.0,0.0,0.0,0.25,0.09420289855072461,0.0,0.0,0.4053460700092401,0.15086777742684299,0.4063338186421564,3.4343278974162494,-2.5042502120822845,EXC
1.0,0.0,0.0,0.25,0.09420289855072461,0.0028386689796562055,0.21052631578947362,0.5173371462676462,0.16915888938463441,0.41875576434426026,-0.29431672438362283,-1.9871652186851585,EXC
1.0,0.0,0.0,0.25,0.09420289855072461,0.015139567891499764,0.31753095975232193,0.8055985110300117,0.22509107764018432,0.57449833122651,-0.11062645741290526,-1.6760807452456743,EXC
1.0,0.0,0.0,0.25,0.09420289855072461,0.00993534142879672,0.2954444935869084,0.7111339850209657,0.19922589821773168,0.6648952135022572,-0.24903826021372066,-1.9512145375966619,EXC
1.0,0.0,0.0,0.25,0.09420289855072461,0.021027177627083005,0.3986842105263157,0.952971697641857,0.21447808954503006,0.7361041816227898,-0.04332628709379243,-1.3498454750957547,EXC
1.0,0.0,0.0,0.25,0.09420289855072461,0.0335909162592651,0.38054332185060824,1.0,0.2446533333411477,0.6038345592444192,-0.2433159981683344,-0.9465063386376713,EXC
1.0,0.0,0.0,0.25,0.09420289855072461,0.02980602428639016,0.4661654135338345,0.9254825528387414,0.257869898461277,0.5193976265221512,-0.2646073168830782,-1.3363242460932032,EXC
1.0,0.0,0.0,0.25,0.09420289855072461,0.021763128844030907,0.5510162875218736,0.7797966674609302,0.2520696014629614,0.7909012031935008,-0.29988287754296733,-1.2860457023076552,EXC
1.0,0.0,0.0,0.25,0.16666666666666669,0.0,0.0,0.274787884718449,0.050302965234336805,0.21256165866840526,3.4343278974162494,-2.663536507056693,EXC
1.0,0.0,0.0,0.25,0.16666666666666669,0.00047311149660936763,0.33436532507739936,0.37757717074771185,0.05649188025138485,0.30744704257170136,-0.7407568287823285,-2.0943758851008245,EXC
1.0,0.0,0.0,0.25,0.16666666666666669,0.0,0.0,0.4083582442487996,0.08059185873647648,0.436685108121684,3.4343278974162494,-2.0390625527190096,EXC
1.0,0.0,0.0,0.25,0.16666666666666669,0.0,0.0,0.5079611329040281,0.07808694747102718,0.6063106207189308,3.4343278974162494,-1.5191774006383858,EXC
1.0,0.0,0.0,0.25,0.16666666666666669,0.00047311149660936763,0.30650154798761603,0.5047918496804227,0.09540796281365618,0.4990149314692895,-0.21663169082279063,-1.4428424871008636,EXC
1.0,0.0,0.0,0.25,0.16666666666666669,0.00047311149660936763,0.38080495356037153,0.4653447000883076,0.07730943401885723,0.45059237254523726,-0.2919942310068804,-1.5726916337233179,EXC
1.0,0.0,0.0,0.25,0.16666666666666669,0.0,0.0,0.4247994533286757,0.09447500025847139,0.4101109206752324,3.4343278974162494,-1.235115363730478,EXC
1.0,0.0,0.0,0.25,0.3659420289855072,0.0033117804762655733,0.2056612118531623,0.23819233599331296,0.39504988512199285,0.2848138976845845,-0.24779237455389416,-0.5598513291782539,EXC
1.0,0.0,0.0,0.25,0.3659420289855072,0.006505283078378805,0.2313537855333521,0.2530819775855376,0.4003696564324388,0.35664803521229377,-0.24106311465605537,-0.15255417111852632,EXC
1.0,0.0,0.0,0.25,0.3659420289855072,0.003784891972874941,0.23219814241486064,0.30048305275631987,0.40308962801915693,0.4007658330417892,-0.2390627110379609,0.05573613207418465,EXC
1.0,0.0,0.0,0.25,0.3659420289855072,0.006150449455921779,0.20147654203381757,0.29859933347311757,0.5035520062309131,0.3686173698929445,-0.24664545138376917,-0.21881736846611777,EXC
1.0,0.0,0.0,0.25,0.3659420289855072,0.0014193344898281027,0.20743034055727552,0.23861421849581882,0.4723400772322258,0.26788421502927023,-0.27180275797642645,-0.34300560598836205,EXC
1.0,0.0,0.0,0.25,0.3659420289855072,0.0018924459864374705,0.2205882352941176,0.2400339822364439,0.4331506235081646,0.3767893800960059,-0.24748767425665327,-0.48056524569119435,EXC
1.0,0.0,0.0,0.25,0.11231884057971014,0.0,0.0,0.06048539454202273,0.03891916454591293,0.0747065392017437,3.4343278974162494,-0.870609924155702,EXC
1.0,0.0,0.0,0.25,0.11231884057971014,0.0009462229932187353,0.3900928792569659,0.0845279805453048,0.054726015351608426,0.11184175739226032,-0.686154535516875,-0.6815113153701139,EXC
1.0,0.0,0.0,0.25,0.11231884057971014,0.0,0.0,0.10580930726882237,0.07482926795266434,0.21512866699606942,3.4343278974162494,-0.6138448717396504,EXC
1.0,0.0,0.0,0.25,0.11231884057971014,0.0016698052821507094,0.3869969040247678,0.11629711004988047,0.0654425434697675,0.2158017353052863,-0.5196933775756652,-0.24567103607751184,EXC
1.0,0.0,0.0,0.25,0.11231884057971014,0.005677337959312411,0.5178018575851393,0.2219388134344109,0.07292186646554188,0.2586079793353099,-0.38053336626718254,-0.17925570126198356,EXC
1.0,0.0,0.0,0.25,0.11231884057971014,0.00047311149660936763,0.45510835913312686,0.1533593373589624,0.06741027213605444,0.2033677760692441,-0.260996054100972,-0.26656849437884234,EXC
1.0,0.0,0.0,0.25,0.11231884057971014,0.0033117804762655733,0.5386996904024767,0.18812696529719858,0.06583522492159591,0.22129593638985212,-0.17799569313272615,0.05510313970410064,EXC
1.0,0.0,0.0,0.25,0.40217391304347827,0.06292382904904589,0.18177797434763374,0.5107748359792854,0.2964860336936317,0.5882716326890176,-0.10467517950207107,0.5046698456172752,EXC
1.0,0.0,0.0,0.25,0.40217391304347827,0.06103138306260843,0.20570235438116494,0.6320853345422042,0.3178174723807113,0.6059574937393744,-0.09182329971610427,0.3090916068310657,EXC
1.0,0.0,0.0,0.25,0.40217391304347827,0.08563318088629554,0.22696406274053668,0.5719207311374628,0.38789380763494996,0.7386972401499996,-0.11218783600788026,0.6441796738942022,EXC
1.0,0.0,0.0,0.25,0.40217391304347827,0.06954739000157703,0.23864282555127314,0.581911644251851,0.37788346496116676,0.6782368337439688,-0.11778111058286582,0.38095159268751116,EXC
1.0,0.0,0.0,0.25,0.40217391304347827,0.03784891972874941,0.20108359133126932,0.5859619732039554,0.3019270455859241,0.485444152699325,-0.11161825688042326,0.19624121593624674,EXC
1.0,0.0,0.0,0.25,0.40217391304347827,0.06292382904904589,0.22982378546986662,0.4312692237767391,0.38138980977651554,0.5087453567710782,-0.11247336886372195,0.6612769278994587,EXC
1.0,0.0,0.0,0.25,0.40217391304347827,0.02365557483046838,0.2037770897832817,0.40730248290397447,0.3162894380832476,0.44191517564220767,-0.14803755990806391,0.22877452946605384,EXC
1.0,0.0,0.0,0.25,0.40217391304347827,0.03406402775587447,0.1990454076367389,0.306794306130096,0.32910160066972566,0.40945425421011056,-0.10381302021072784,0.7755469878302226,EXC
1.0,0.0,0.0,0.25,0.3659420289855072,0.00804289544235925,0.1895829539246039,0.39916550031480186,0.37623512187516595,0.4765893048091801,-0.31193477438078365,-0.8496154719573376,EXC
1.0,0.0,0.0,0.25,0.3659420289855072,0.00993534142879672,0.2490048651039363,0.4372977725951836,0.341952313527594,0.5307228602368854,-0.28113335818969504,-0.8279923730698555,EXC
1.0,0.0,0.0,0.25,0.3659420289855072,0.013247121905062293,0.38677576293675364,0.3847567142471047,0.31364961346056586,0.5355828483014267,-0.3267097515391202,-0.14579459345195991,EXC
1.0,0.0,0.0,0.25,0.13043478260869562,0.0,0.0,0.20724146464341708,0.1132996804898172,0.11626047022326386,3.4343278974162494,-0.9864810973482129,EXC
1.0,0.0,0.0,0.25,0.13043478260869562,0.0014193344898281027,0.23839009287925692,0.2749728640489351,0.14519189822757106,0.3355229286700449,-0.27948120546688066,-0.90681270120226,EXC
1.0,0.0,0.0,0.25,0.13043478260869562,0.0,0.0,0.2957386471839452,0.14934345370111266,0.43559342564389,3.4343278974162494,-0.9787801789915176,EXC
1.0,0.0,0.0,0.25,0.13043478260869562,0.0033117804762655733,0.2547545333923043,0.3561610967224819,0.16484749019273087,0.23578709062450037,-0.25173316506486826,-0.42720554240543546,EXC
1.0,0.0,0.0,0.25,0.13043478260869562,0.0018924459864374705,0.2438080495356037,0.2098843112609548,0.15389032877898234,0.29455788469768457,-0.2729403057527893,-0.4928924901827996,EXC
1.0,0.0,0.0,0.25,0.13043478260869562,0.0009462229932187353,0.23219814241486064,0.22704350795355072,0.1479228476694889,0.27913876081917804,-0.3468809112164247,-0.4387380865530884,EXC
1.0,0.0,0.0,0.25,0.13043478260869562,0.0009462229932187353,0.29721362229102166,0.22007406896976534,0.15945459877818596,0.33122229671067976,-0.23582780954892682,-0.4458032121682141,EXC
1.0,0.0,0.0,0.25,0.13043478260869562,0.0009462229932187353,0.23219814241486064,0.2735168076009428,0.16052120787290325,0.2269706314636164,-0.3323771770677889,-0.36537285914531836,EXC
1.0,0.0,0.0,0.25,0.13043478260869562,0.0009462229932187353,0.24613003095975228,0.21993805311024434,0.16421659141592337,0.27813671372890975,-0.25715683035574427,-0.2102202268342411,EXC
1.0,0.0,0.0,0.25,0.13043478260869562,0.013720233401671661,0.3077826411871464,0.3411227208905236,0.17851162453709285,0.4151760246023433,-0.2956618419410188,-0.08509498512503881,EXC
1.0,0.0,0.0,0.25,0.42028985507246375,0.0018924459864374705,0.1393188854489164,0.11530313757339089,0.09389476932324659,0.1701634922650297,-0.4941222515194912,-0.5548553677728953,EXC
1.0,0.0,0.0,0.25,0.42028985507246375,0.0028386689796562055,0.18421052631578946,0.1921923714749565,0.15296590214206068,0.31451401061158907,-0.4978903785286957,-0.8670789207110867,EXC
1.0,0.0,0.0,0.25,0.42028985507246375,0.0018924459864374705,0.18343653250773992,0.20657095797444497,0.13928309676097836,0.31077471602227763,-0.5064219868514226,-0.7798097891831205,EXC
1.0,0.0,0.0,0.25,0.42028985507246375,0.003784891972874941,0.179953560371517,0.18422719617180877,0.15459648141949445,0.30122403449967866,-0.4986724426249458,-0.8140409148329278,EXC
1.0,0.0,0.0,0.25,0.42028985507246375,0.004731114966093676,0.19690402476780183,0.20820181322710546,0.17851669746283166,0.34354459352178407,-0.49857290719451397,-0.6919837422351799,EXC
1.0,0.0,0.0,0.25,0.42028985507246375,0.0028386689796562055,0.2786377708978328,0.18662700174068708,0.1465853031907666,0.27170979940639045,-0.6267650620258903,-0.6343211677678442,EXC
1.0,0.0,0.0,0.25,0.4528985507246377,0.0014193344898281027,0.1764705882352941,0.1246628712946955,0.2625160835260852,0.1665500752563563,-0.37228622570987796,-0.3201795912919898,EXC
1.0,0.0,0.0,0.25,0.4528985507246377,0.003784891972874941,0.20201238390092877,0.07224724507953378,0.2979277838747261,0.12598179895398903,-0.35509265121654343,-0.16089664354175073,EXC
1.0,0.0,0.0,0.25,0.4528985507246377,0.006150449455921779,0.26506311026434864,0.11010961455695273,0.3054237530845133,0.1925608784842472,-0.3744005185779619,0.15002965335979412,EXC
1.0,0.0,0.0,0.25,0.375,0.0018924459864374705,0.3436532507739938,0.18690286573763243,0.13782403680868588,0.30017170570726964,-0.9015064736682372,-1.3235155176699736,EXC
1.0,0.0,0.0,0.25,0.375,0.0009462229932187353,0.43653250773993807,0.1874917951165343,0.12572477533441068,0.35346098637141515,-1.1016439421974444,-1.5028619583221647,EXC
1.0,0.0,0.0,0.25,0.375,0.007569783945749882,0.6489938080495355,0.32090422397370105,0.11739891134675415,0.43337301098693365,-1.0600524421413298,-1.3384207850959553,EXC
1.0,0.0,0.0,0.25,0.375,0.0014193344898281027,0.6811145510835912,0.17038396728172284,0.07348641700831479,0.20997257224628968,-1.4459416877484792,-1.5024854098752083,EXC
1.0,0.0,0.0,0.25,0.375,0.012300898911843558,0.7830435818051916,0.28405722329507893,0.11788875655043884,0.4903797171578049,-1.2706354100497077,-1.3137758341178516,EXC
1.0,0.0,0.0,0.25,0.5398550724637681,0.0028386689796562055,0.20433436532507734,0.16798817596330984,0.326554286091014,0.1495667596714918,-0.02685074361856272,0.009952539584199867,EXC
1.0,0.0,0.0,0.25,0.5398550724637681,0.0009462229932187353,0.1996904024767802,0.09749068931099131,0.30707277349586487,0.1385194469701428,-0.5273243003146428,-0.12070201187645382,EXC
1.0,0.0,0.0,0.25,0.5398550724637681,0.002365557483046838,0.2934984520123839,0.06957405623630414,0.24138055356526977,0.07358263360137857,-0.6831967828520776,-0.16711373451997763,EXC
1.0,0.0,0.0,0.25,0.22644927536231885,0.0009462229932187353,0.1718266253869969,0.2044471512785786,0.2464590713589052,0.26820396704832034,0.15278704149234107,-0.019451179471327625,EXC
1.0,0.0,0.0,0.25,0.22644927536231885,0.0033117804762655733,0.19371959310039805,0.30749420045568826,0.27043703048202755,0.267173495385953,0.1017599790087823,0.3392548949909829,EXC
1.0,0.0,0.0,0.25,0.22644927536231885,0.0028386689796562055,0.19659442724458204,0.26212628322144915,0.27020629564594534,0.23447476723146166,0.09595699960062477,0.40638796674709243,EXC
1.0,0.0,0.0,0.25,0.22644927536231885,0.0009462229932187353,0.18111455108359134,0.11613482379251616,0.23656852217392843,0.13300974835416512,-0.30365397529624655,0.08229378815394281,EXC
1.0,0.0,0.0,0.25,0.22644927536231885,0.01182778741523419,0.45659442724458205,0.6062095925408542,0.28033351281334973,0.5988967327529757,0.20774213695967858,0.29180020767721104,EXC
1.0,0.0,0.0,0.25,0.22644927536231885,0.012774010408452927,0.48572411420708633,0.5091596492181005,0.2908819535069677,0.5404903317295819,0.2160156397560705,0.24225567186442948,EXC
1.0,0.0,0.0,0.25,0.17934782608695654,0.0,0.0,0.0,0.06586167101440912,0.04473221243181119,3.4343278974162494,0.11633750800922574,EXC
1.0,0.0,0.0,0.25,0.17934782608695654,0.0,0.0,0.03898608010033533,0.011459662396077,0.035000234313293965,3.4343278974162494,0.45498372928602127,EXC
1.0,0.0,0.0,0.25,0.17934782608695654,0.0,0.0,0.09314548236866704,0.0,0.0944555337138403,3.4343278974162494,0.41035010902695795,EXC
0.0,0.0,1.0,0.25,0.8188405797101449,0.08200599274562372,0.1671826625386997,0.059272030995678016,0.18808299015926044,0.052273078426485264,-0.4497562046354398,1.4068465576678686,SST
0.0,0.0,1.0,0.25,0.8514492753623187,0.03390632392367135,0.1988048095615235,0.2352696660073974,0.26123931369545694,0.2421258003432173,-0.4532046719442806,0.2530858584961588,EXC
0.0,1.0,0.0,0.25,0.6394927536231884,0.0671818325185302,0.13142632887105918,0.07317602149856312,0.32321082722822425,0.09458720029045586,-0.3269126885902257,1.308534908881873,SST
0.0,1.0,0.0,0.25,0.6376811594202898,0.18577511433527835,0.0945665371858689,0.09723924279549229,0.3700194973547138,0.1539719057799891,-0.4404584004715964,1.2926003532598813,SST
0.0,1.0,0.0,0.25,0.6413043478260869,0.13546759186248225,0.09297656934227647,0.04274777474697394,0.3885341577794896,0.03781966703922396,-0.9787359781930197,0.4327788846125565,SST
0.0,1.0,0.0,0.625,0.7101449275362319,0.3578299952688851,0.060152520102007535,0.43133550877558163,0.7324274351534941,0.5895802591774832,-0.5832784101565486,0.35637058877781747,PV
0.0,1.0,0.0,0.625,0.7101449275362319,0.4847815801923987,0.06476167839323517,0.2208753272848783,0.6142924477319226,0.26864529634520823,-0.3686206029292724,1.1338451874263724,PV
1.0,0.0,0.0,0.375,0.5652173913043478,0.012616306576249802,0.10205108359133125,0.1390560468124466,0.2727187402609343,0.1790480198756461,-0.46121530905143143,0.5967979307505121,SST
1.0,0.0,0.0,0.375,0.5652173913043478,0.029332912789780792,0.09627484270448416,0.1475775344124033,0.2688815080916605,0.18986649288840235,-0.43090133185492346,0.7545003293428441,SST
1.0,0.0,0.0,0.5,0.5452898550724637,0.021150866907242317,0.11353267068600292,0.1443154992177773,0.4047239264448247,0.16926788088173989,-0.391647837568967,0.5659307531385865,SST
1.0,0.0,0.0,0.5,0.35144927536231885,0.12647847342690427,0.09957304880214324,0.21768536842883074,0.5985323645647717,0.2498629556569637,-0.2507736274437336,1.0717366918409128,SST
1.0,0.0,0.0,0.5,0.35144927536231885,0.09667244914051412,0.09787928221859706,0.173622349547928,0.5762499023064991,0.18202668119983256,-0.2320022650776541,1.0984089009654001,SST
1.0,0.0,0.0,0.5,0.29891304347826086,0.04210692319823372,0.0882874734754931,0.13856465007095353,0.25422105828247177,0.24052745679667703,-0.35690158602360056,1.019290691949322,SST
1.0,0.0,0.0,0.5,0.29891304347826086,0.023813278662671505,0.10161359768724494,0.1404928540294597,0.21927421121812823,0.20218901431460723,-0.17723812005813197,1.3160263258986664,SST
1.0,0.0,0.0,0.5,0.06702898550724637,0.04084529254060874,0.08943662813631853,0.3644487599019191,0.5498605208946826,0.35355963068106583,-0.11406967112118904,0.13750474384610528,SST
1.0,0.0,0.0,0.5,0.06702898550724637,0.10234978709982652,0.09129072113802135,0.34256789818302275,0.6228020361746358,0.2431477427902657,0.03919258631606661,0.9825456367333286,SST
1.0,0.0,0.0,0.375,0.0778985507246377,0.013720233401671661,0.09384007686559197,0.14728636154321284,0.19301643999026996,0.13123775382659303,-0.5421659867491735,0.1895776912592593,SST
1.0,0.0,0.0,0.375,0.0778985507246377,0.00993534142879672,0.0925844021819254,0.1177041566111724,0.172288645110656,0.15050878775660548,-0.5885229057251704,0.09494800404826677,SST
1.0,0.0,0.0,0.375,0.0778985507246377,0.017189717710140356,0.09645809072059534,0.15461039756773998,0.16737288548759544,0.19247244522212753,-0.46623480641035847,0.22245276071350825,SST
1.0,0.0,0.0,0.375,0.0778985507246377,0.016874310045734114,0.09695900002893433,0.15939071789017878,0.17503878823012464,0.15182907986506378,-0.5302449208978396,0.2494491285702281,SST
1.0,0.0,0.0,0.375,0.11956521739130432,0.001103926825421858,0.26802299867315343,0.15215938165468618,0.20295474795410334,0.13929676083649056,-0.10004384112566402,0.22078913272893747,EXC
1.0,0.0,0.0,0.375,0.24094202898550726,0.232928560164012,0.06273908915025225,0.42088315823111494,0.7329183856174809,0.5405745627336784,-0.1583502895712167,0.7167595009870126,PV
1.0,0.0,0.0,0.625,0.24094202898550726,0.1970509383378016,0.0529400614735058,0.493182878234189,0.6780573954076046,0.5631927743503291,-0.06299585689315483,0.6228905423446197,PV
1.0,0.0,0.0,0.25,0.5235507246376812,0.018248586297789894,0.10193785116385735,0.105180395144571,0.3609421488317985,0.1611259890979132,-0.4120821824384335,0.7781402485322314,SST
1.0,0.0,0.0,0.625,0.5960144927536232,0.05614256426431163,0.08614811980380561,0.22153513155704768,0.5145513255667743,0.24329435173506575,-0.3922322019350226,0.5368504782067971,SST
1.0,0.0,0.0,0.375,0.5996376811594203,0.09004888818798298,0.10226477907966577,0.10848788006045029,0.39243176705106514,0.12346339737947992,-0.07554414644396361,1.49151902934197,SST
1.0,0.0,0.0,0.375,0.5996376811594203,0.06623560952531146,0.10501990269792125,0.08026212364951857,0.35010373406776224,0.09903974333789384,-0.11687590055615164,1.5016761512054897,SST
0.0,1.0,0.0,0.375,0.7119565217391305,0.00804289544235925,0.1828446548898197,0.3631579919632148,0.20215601208678313,0.40869517757953416,0.02206751120018855,-0.5068853508834756,EXC
0.0,1.0,0.0,0.375,0.7119565217391305,0.0072543762813436375,0.1782877910889756,0.3562746348124521,0.1883225161947985,0.4012224000948858,-0.03365840851991114,-0.6106391580690602,EXC
0.0,1.0,0.0,0.375,0.7119565217391305,0.008200599274562372,0.18968802095737078,0.42417236130302843,0.2085804302679518,0.4552261837937314,0.08004764093962943,-0.5027580479411852,EXC
0.0,1.0,0.0,0.375,0.7119565217391305,0.009146822267781107,0.17438881178605742,0.36562110299496237,0.20385378371812574,0.43959363396387224,0.010612139650131748,-0.6508485632167408,EXC
0.0,1.0,0.0,0.25,0.7807971014492754,0.022393944172843402,0.10340993328391397,0.06149065373157886,0.21564578633195575,0.05601785156167194,0.01021033353934672,1.4339918755856942,SST
0.0,1.0,0.0,0.25,0.7807971014492754,0.01845134836776534,0.10518377391442403,0.029804615893405884,0.18795311576087215,0.051391340929463125,0.025748627648663768,1.6228259515480763,SST
0.0,1.0,0.0,0.25,0.7807971014492754,0.017189717710140356,0.08742579600647596,0.054391306877922374,0.19615158442887864,0.074868885432264,-0.08845263637340346,1.2171983923571459,SST
0.0,1.0,0.0,0.25,0.6739130434782609,0.0335479061232097,0.14741605144081923,0.5916562494952902,0.45599843492810954,0.4947984589292221,-0.08067393310476384,-0.443310433815763,EXC
0.0,1.0,0.0,0.25,0.6684782608695652,0.0007885191610156126,0.19133126934984518,0.2906147382350535,0.3488360363824085,0.2934975663365765,-0.4520201874479427,-1.3065012008756953,EXC
0.0,1.0,0.0,0.25,0.6684782608695652,0.00047311149660936763,0.18575851393188852,0.26059120268093966,0.3699362239066741,0.26913066688408954,-0.3112416168245845,-1.3771085925327458,EXC
0.0,1.0,0.0,0.25,0.7210144927536232,0.07128213215581139,0.21582098139675057,0.33300350560037845,0.3256015891568567,0.45128729307371,-0.03441771120929287,1.144592363391473,EXC
0.0,1.0,0.0,0.25,0.6594202898550725,0.1714240656047942,0.16342306060079576,0.049443322197164685,0.3228322273427751,0.03478380543223408,-0.09349891641169411,1.9668654382296251,SST
1.0,0.0,0.0,0.25,0.4818840579710145,0.005361930294906166,0.1789291568020397,0.2617205439845127,0.56483438418581,0.26716472774104244,0.10366641835792093,0.11248450760542135,EXC
1.0,0.0,0.0,0.25,0.4818840579710145,0.0072543762813436375,0.1770763225198546,0.2586117580709035,0.5274931813196543,0.2716996736740976,0.26558283422241435,0.5771966158937613,EXC
0.0,1.0,0.0,0.25,0.7971014492753623,0.005992745623718656,0.1752484927489001,0.4040454934814734,0.2919030503308061,0.5097960459985917,-0.33635698757567795,-1.6105116354040743,EXC
0.0,1.0,0.0,0.25,0.7971014492753623,0.00993534142879672,0.19062361786819992,0.4198429650362749,0.3127369959127717,0.5623457208114042,-0.2283141487456436,-1.2630312223838744,EXC
0.0,1.0,0.0,0.875,0.7228260869565217,0.06812805551174894,0.05506105951152389,0.511314473045382,0.5622154255431584,0.6081200346566826,-0.13995013835279596,-0.44618962255424266,PV
0.0,1.0,0.0,0.875,0.7228260869565217,0.0936760763286548,0.060934421615536145,0.5048528850827683,0.5843139497198143,0.5234241112604929,-0.12140209734993503,-0.26077498767985285,PV
0.0,1.0,0.0,0.25,0.6847826086956522,0.0058350417915155346,0.08861183164588736,0.03820891092449563,0.17622115204147953,0.0793184313126572,-0.7339947762261517,-0.1486330995609823,EXC
0.0,1.0,0.0,0.25,0.6847826086956522,0.0045734111338905535,0.08807515746770575,0.0405186045161946,0.17892091944617206,0.09284770246534707,-0.7200089191831965,-0.06886341908367494,EXC
0.0,1.0,0.0,0.25,0.6847826086956522,0.008673710771171739,0.09152828595553053,0.07060594350471222,0.21524066267160663,0.11145582985450886,-0.6603857682822545,0.08223852320448848,EXC
0.0,1.0,0.0,0.25,0.7789855072463768,0.04399936918467119,0.234295415959253,0.4171311486447395,0.2998754134026163,0.5997489229347746,-0.15871370272837274,0.37243648686534075,EXC
0.0,1.0,0.0,0.375,0.7789855072463768,0.03816432739315565,0.2349231123506383,0.47455973301985327,0.30381564236750436,0.7250147665037541,-0.07458386719745666,0.23137692257177933,EXC
0.0,1.0,0.0,0.375,0.7789855072463768,0.01923986752878095,0.18979343247221234,0.46830634657268494,0.2960521487673629,0.660901970044594,-0.044002127298292344,-0.014918369409070572,EXC
0.0,1.0,0.0,0.625,0.7409420289855072,0.326920044157073,0.06846540886138901,0.32904632613751733,0.7489185367532838,0.30370883122610864,-0.2583729925340981,0.978167176796362,PV
0.0,1.0,0.0,0.5,0.6394927536231884,0.02617883614571834,0.1030624044164273,0.47053395174387486,0.5541879788612286,0.48166908424570715,-0.3552222280944377,-0.9893575270016388,EXC
0.0,1.0,0.0,0.5,0.7536231884057971,0.16968932345055984,0.06803664529791568,0.22821277011804325,0.46630702963834814,0.3289955445392317,-1.0879567038351243,-0.32634721494294744,SST
0.0,1.0,0.0,0.375,0.6503623188405797,0.05693108342532724,0.1691380153169301,0.39916276820055147,0.4767029642393793,0.4987918959418866,-0.26853988815601176,0.017483450562237806,EXC
0.0,1.0,0.0,0.375,0.5905797101449275,0.020343794354202808,0.1709986320109439,0.2545447187676741,0.35469927832618064,0.37748176550526563,0.22379292680588084,0.7690842565601788,EXC
0.0,1.0,0.0,0.375,0.5905797101449275,0.015139567891499764,0.16002321981424147,0.2538384292764553,0.3610849380845192,0.40832993095894504,0.21290554906711717,0.7015663616363149,EXC
0.0,1.0,0.0,0.375,0.6865942028985508,0.020028386689796562,0.17690938787450328,0.4368072487869295,0.41683747054179576,0.6105258672631002,-0.02235028781533897,-0.1464709427032022,EXC
0.0,1.0,0.0,0.625,0.6793478260869565,0.004473054149761293,0.13538937842343413,0.24750042047175203,0.6401900384947763,0.2628932591100444,-0.1984037184924303,-0.46605220814181136,EXC
0.0,1.0,0.0,0.25,0.6485507246376812,0.15569669252053733,0.076951234113884,0.007006913637471968,0.23703770589772788,0.037292417176065684,-0.7216269461743856,0.931612694676069,SST
0.0,1.0,0.0,0.75,0.657608695652174,0.07096672449140515,0.054303405572755405,0.2777501605854468,0.6139335030113974,0.3153186713626262,-0.17779923813143886,0.6708474462110763,PV
1.0,0.0,0.0,0.25,0.08876811594202899,0.0706513168269989,0.11379782176028302,0.37985575960981605,0.2906352039420666,0.4127395413467136,-0.2891654603580085,0.7497573741717746,VIP
1.0,0.0,0.0,0.25,0.10144927536231885,0.00047311149660936763,0.1981424148606811,0.236155625899367,0.20043383971558676,0.31694422120204696,-0.6414418681848192,-0.9810187629462972,EXC
1.0,0.0,0.0,0.375,0.007246376811594207,0.049519003311780475,0.11408767328587485,0.3467490312622838,0.2334242757297078,0.4042727915144689,-0.41735291758496723,-0.012661767089575202,VIP
1.0,0.0,0.0,0.375,0.007246376811594207,0.08452925406087368,0.12299570260154336,0.30034448599270475,0.2618122481793999,0.3192020456719991,-0.19217778361041404,0.7395819367133625,VIP
1.0,0.0,0.0,0.375,0.22101449275362317,0.0014193344898281027,0.13003095975232198,0.2137791338382533,0.34571199469072605,0.3013819453835183,-0.17590315116106595,-0.6465857693490751,EXC
1.0,0.0,0.0,0.375,0.22101449275362317,0.0009462229932187353,0.13003095975232198,0.2610514898894108,0.34869525592777606,0.4528500487644453,-0.237719886526988,-0.7246510372702301,EXC
1.0,0.0,0.0,0.375,0.23369565217391303,0.2368936850879762,0.11391952231001265,0.5485531138475197,0.4103254069469414,0.728786457000008,-0.18520504612873062,0.6882534132228767,VIP
1.0,0.0,0.0,0.375,0.23369565217391303,0.21668506544709035,0.10894047345437828,0.5196729208712145,0.40112853596869713,0.6861662480686788,-0.21903258363364575,0.6249366716622495,VIP
1.0,0.0,0.0,0.375,0.04528985507246375,0.004258003469484309,0.17165462676298585,0.34027025051331733,0.20072632929856948,0.5271218250518843,-0.17892915866884052,-0.6566352253311692,EXC
1.0,0.0,0.0,0.5,0.0,0.19555275193187197,0.11612903225806452,0.6993204234772283,0.30246216250657576,0.7718314602642105,0.027956853689955707,0.44788747595918194,VIP
1.0,0.0,0.0,0.375,0.09420289855072461,0.20391105503863746,0.11289893903586587,0.5777820225342747,0.2994759966564267,0.581048851388537,0.3546203401023587,1.0779082220162486,VIP
1.0,0.0,0.0,0.25,0.08695652173913043,0.08910266519476423,0.13121455382339242,0.24363936988578472,0.38738308772179825,0.3414246317479322,-0.11027774871223864,1.2736124068105794,VIP
1.0,0.0,0.0,0.375,0.19746376811594202,0.01845134836776534,0.10288163848535362,0.1418470581785859,0.21700024884554853,0.15370424422481876,-0.16275940221067442,0.7852964547745044,SST
1.0,0.0,0.0,0.375,0.19746376811594202,0.015770383220312253,0.10328173374612999,0.11882805025607857,0.22619717032125286,0.16722356759708434,-0.13336202320648552,0.8899021338779597,SST
1.0,0.0,0.0,0.375,0.19746376811594202,0.01308941807285917,0.10709090230892607,0.11664725390186903,0.24032924662008853,0.15235635869953718,-0.052326243774246106,1.1048169280933815,SST
1.0,0.0,0.0,0.375,0.19746376811594202,0.03390632392367135,0.09456404348765207,0.12729482201393355,0.22719291044781698,0.16322665471230974,-0.020937402919166997,1.3857871294802793,SST
1.0,0.0,0.0,0.375,0.08152173913043476,0.0058350417915155346,0.2753744456530834,0.2925920925011077,0.24105032572490448,0.42490891573333206,-0.2170187425365776,-0.22532698621671854,EXC
1.0,0.0,0.0,0.375,0.00362318840579709,0.13452136886926352,0.11705181856786646,0.2277015443226985,0.18881287023516097,0.29447255218285845,0.19462324910807366,1.8064574857038151,SST
1.0,0.0,0.0,0.375,0.00362318840579709,0.11575461283709193,0.13592765372318438,0.1942240529726531,0.176794718715313,0.2503232186387345,0.2677245748184882,2.1049393245538583,SST
1.0,0.0,0.0,0.375,0.00362318840579709,0.10960416338117017,0.11658685435552484,0.22350170392426166,0.21105494897964017,0.2646047752897975,0.17766650340067722,1.7159521897138208,SST
1.0,0.0,0.0,0.375,0.00362318840579709,0.09052199968459233,0.12656821393512474,0.17594198313417259,0.20965287145673595,0.19778512966915285,0.2894657673653069,2.121083913111335,SST
1.0,0.0,0.0,0.5,0.050724637681159424,0.16300841564995483,0.13478520140176609,0.31056892077064685,0.5131690526992905,0.27607312146077295,0.016667986439569325,1.5097670062364097,SST
1.0,0.0,0.0,0.5,0.050724637681159424,0.1693739157861536,0.14032205060795266,0.2772263018955194,0.5146538646470922,0.32188425428300954,0.12889763178507008,1.727685863259628,SST
1.0,0.0,0.0,0.5,0.050724637681159424,0.22441255322504336,0.15178546175284846,0.32432360968593915,0.6205705247719269,0.3383290956299016,0.1513082699434721,1.8548165268568515,SST
1.0,0.0,0.0,0.75,0.09239130434782605,0.06079482731430374,0.09349363337389019,0.21257661751543527,0.2693698872567252,0.23362978092412534,-0.32456683958586313,0.7749534963695653,SST
1.0,0.0,0.0,0.375,0.13043478260869562,0.0012616306576249802,0.21826625386996903,0.4487713917990553,0.17994907141793942,0.4836343650149854,-0.3956368560364283,-1.2136089389639761,EXC
1.0,0.0,0.0,0.375,0.13043478260869562,0.001103926825421858,0.18443166740380362,0.48193528089104126,0.17719295874635266,0.46832210742761854,-0.4920031337461616,-1.1598328657888313,EXC
1.0,0.0,0.0,0.375,0.13043478260869562,0.0025232613152499604,0.21826625386996903,0.5323660551759304,0.1992317175196482,0.7016611862830726,-0.3475285359076353,-1.1026761277681605,EXC
1.0,0.0,0.0,0.5,0.15579710144927533,0.2860747516164643,0.09264885087093502,0.7405276333549244,0.5401281672868593,0.9618394599056814,0.019723647451186228,0.9790046410508078,PV
1.0,0.0,0.0,0.5,0.15579710144927533,0.37328497082479106,0.1070093036213885,0.7790950078066305,0.5214230054872819,0.6153901773682762,0.21404015754863392,1.3309654807132938,PV
1.0,0.0,0.0,0.625,0.13405797101449274,0.2718814067181833,0.06277969729838448,0.3253097586140788,0.7033538107185985,0.4095107598470897,-0.07671937062333367,1.3153451869338653,PV
1.0,0.0,0.0,0.625,0.13405797101449274,0.35514903012143195,0.07388685117872519,0.26705608398148073,0.6654874712043397,0.3384679645363848,-0.02943399485223925,1.5725346577541295,PV
1.0,0.0,0.0,0.625,0.13768115942028986,0.3559375492824476,0.06187972472294656,0.6875214831937846,0.6105104181700088,0.8082097560303525,-0.33742822368246816,0.41689545272322337,PV
1.0,0.0,0.0,0.625,0.13768115942028986,0.31966566787572936,0.055709225761813023,0.6406427487864943,0.6794132412935914,0.7397391274371148,-0.15376285112991003,0.7024771151606187,PV
1.0,0.0,0.0,0.625,0.13768115942028986,0.2939599432266204,0.05585710679121432,0.6463500286239359,0.6765052407903968,0.7830716250032275,-0.11992450572531317,0.766639600434954,PV
1.0,0.0,0.0,0.625,0.2572463768115942,0.3220312253587762,0.062131765433633614,0.7504383394110847,0.5449086116230049,1.0,-0.35351189146964235,0.09699580558904569,PV
1.0,0.0,0.0,0.625,0.2572463768115942,0.3370130894180729,0.06287712730586409,0.6362672125847209,0.597737330368269,0.8980258139519888,-0.3413788813447127,0.37163253095893545,PV
1.0,0.0,0.0,0.875,0.266304347826087,0.23182463333859013,0.053100939623969876,0.42329193677690874,0.6499285005362687,0.655533867493415,-0.3231086674634547,0.45886100724773815,PV
1.0,0.0,0.0,0.875,0.266304347826087,0.2537197932979539,0.054785067356928605,0.6436760993265107,0.6828748647901164,0.8962182503266793,-0.30207071911009187,0.16358663305505766,PV
1.0,0.0,0.0,0.875,0.266304347826087,0.2085010665759178,0.05340557275541795,0.6348706727163049,0.7125384967320204,0.8556354200474265,-0.23845169101202007,0.18567373852053326,PV
1.0,0.0,0.0,0.625,0.4347826086956522,0.4043526257688062,0.0670005747598325,0.5263096631830375,0.5482034442564566,0.7188602104522075,-0.1803013363908169,0.6277800068447243,PV
1.0,0.0,0.0,0.625,0.4347826086956522,0.38795142721968146,0.06638979083289284,0.5622409750132196,0.5262413898471577,0.8303463151263311,-0.1838778145998629,0.4881596558107956,PV
1.0,0.0,0.0,0.375,0.48913043478260865,0.0028386689796562055,0.10526315789473682,0.2315968886108395,0.43225979275491766,0.2909242422607046,-0.14803743887233461,-1.0821353732321695,EXC
1.0,0.0,0.0,0.375,0.48913043478260865,0.0025232613152499604,0.10681114551083591,0.31722223811562206,0.40141219204596357,0.4032046773162877,-0.0810998086145238,-1.168573992514543,EXC
1.0,0.0,0.0,0.375,0.5471014492753623,0.004258003469484309,0.11145510835913311,0.3491376311627566,0.6736834065279155,0.4004729542208572,-0.20836886816810335,-1.0019690132554062,EXC
1.0,0.0,0.0,0.375,0.5471014492753623,0.005046522630499921,0.11000386996904023,0.32847232259493014,0.6891259639240949,0.3760669253765461,-0.25100329292688667,-0.7739191127947466,EXC
1.0,0.0,0.0,0.625,0.24637681159420288,0.17607975699896466,0.05564075113567315,0.4503916237944848,0.6499017114215498,0.6220065101398407,-0.2535746456375534,0.43081504396664844,PV
1.0,0.0,0.0,0.625,0.24637681159420288,0.15565368238448193,0.05460773335089913,0.6662918828319964,0.6211879205497786,0.9527131991969651,-0.21536559406655745,-0.006786198743422937,PV
1.0,0.0,0.0,0.375,0.5,0.034937464364999456,0.1056501547987616,0.12504316600444687,0.4358507054928118,0.16880867958692497,-0.6227985025633657,0.3805517450622989,SST
1.0,0.0,0.0,0.375,0.5,0.03311780476265573,0.09787704555506413,0.13828191184948213,0.41825961290254765,0.20442235042519352,-0.5306024093154774,0.39932888403219285,SST
0.0,1.0,0.0,0.375,0.625,0.064052018002499,0.1021144103574444,0.1491503272255954,0.22251971470449483,0.1731921322048619,-0.5960962009716659,0.6332930564900457,SST
0.0,1.0,0.0,0.75,0.5887681159420289,0.2293013720233402,0.04896921484875714,0.46800201973447225,0.5662829858077615,0.640466648363132,-0.41100544637823855,0.1041810163939021,SST
0.0,1.0,0.0,0.75,0.5887681159420289,0.21247007211366145,0.0496828818891716,0.4237825041753919,0.5292984834046968,0.6011388578066184,-0.3844671043271118,0.07021667737560619,SST
0.0,1.0,0.0,0.375,0.6612318840579711,0.07806339694054566,0.08488601182099634,0.12933790573488052,0.28531945483469684,0.23921488653441586,-0.9221040509575187,0.2541800002341301,SST
0.0,1.0,0.0,0.375,0.6612318840579711,0.06797035167954582,0.08490586367652447,0.11871237279410901,0.3344289016715727,0.16115566140132526,-0.9329885634027728,0.05885364949432969,SST
1.0,0.0,0.0,0.5,0.5018115942028986,0.004100299637281186,0.11216956418194807,0.4914320187711743,0.5930742519102262,0.6659576944294008,-0.1462034270904478,-1.8420073731252011,EXC
1.0,0.0,0.0,0.5,0.5018115942028986,0.002050149818640593,0.11002619671350318,0.4973343798088448,0.5594916380613838,0.6469833620943435,-0.08726948481966222,-1.87043315965122,EXC
1.0,0.0,0.0,0.25,0.2246376811594203,0.020028386689796562,0.11057750908071469,0.16184355522024363,0.23191708005031608,0.19364807540760753,-0.36370405669141165,0.6380693415459211,SST
1.0,0.0,0.0,0.25,0.2246376811594203,0.03248698943384324,0.10757762481589465,0.14222868016068446,0.23563621386131617,0.21571868503149821,-0.31860571761663126,0.8921023889356097,SST
1.0,0.0,0.0,0.625,0.20471014492753625,0.06812805551174894,0.0711859305125559,0.4299523338188069,0.5590344024210991,0.6438200992295828,-0.16884666925422462,0.44499153911830186,SST
1.0,0.0,0.0,0.625,0.20471014492753625,0.08657940387951428,0.07470943511140433,0.44974799910203705,0.5985250112214057,0.600395603260975,-0.13861329144517745,0.5583454818719312,SST
1.0,0.0,0.0,0.625,0.20471014492753625,0.06833832728801977,0.07073112645868063,0.5242535788575395,0.5758876707921908,0.6630540348788723,-0.10304581295233062,0.38477692637108507,SST
1.0,0.0,0.0,0.625,0.24456521739130432,0.009788513722952434,0.06501547987616096,0.14481458663835045,0.1683726816938702,0.14613246997384127,-0.5341808633299054,0.023010970487617282,SST
0.0,1.0,0.0,0.5,0.6123188405797101,0.3493139883299164,0.0730244812669038,0.40828805255448813,0.41961265986445395,0.42753834533937624,-0.15494821893151264,1.02955338847211,PV
0.0,1.0,0.0,0.5,0.6123188405797101,0.29190979340797985,0.07206045431053082,0.3917854046515315,0.5317434628842053,0.5319432085885998,-0.1360267180030961,1.0973986851215727,PV
0.0,1.0,0.0,0.75,0.6340579710144928,0.5673395363507333,0.05408812879601202,0.3046856781157264,1.0,0.2871115994385636,-0.3764307232926172,0.8359759020721673,PV
0.0,1.0,0.0,0.75,0.6340579710144928,0.6090052243588668,0.04290868152393623,0.3053143800499087,0.8045427047876452,0.3006066658009186,-0.4190356582191524,0.681206383361618,PV
0.0,1.0,0.0,0.375,0.592391304347826,0.07704958659066843,0.08538373798272772,0.14280370568949213,0.448141713733222,0.2250363382523789,-0.5241541491357546,0.4083828822146667,SST
0.0,1.0,0.0,0.375,0.592391304347826,0.03926825421857751,0.08538177477712709,0.1390058357178578,0.363942747079768,0.13883006493740252,-0.3650784467942768,0.43748845328196656,SST
0.0,1.0,0.0,0.375,0.592391304347826,0.04037218104399937,0.08859810371517027,0.12339696583789533,0.38769430720948744,0.13949836037298813,-0.38106710818607015,0.6075570980381806,SST
0.0,1.0,0.0,0.375,0.592391304347826,0.04938101245860275,0.08642776366771103,0.11907218331304592,0.41081777576909717,0.16781578883239517,-0.38239172977621655,0.7439003894849673,SST
0.0,1.0,0.0,0.375,0.4402173913043478,0.04415707301687431,0.07801857585139317,0.10460184655150001,0.3759603531393679,0.14085121558490632,-0.6247366601000056,0.09654279264091348,SST
0.0,1.0,0.0,0.375,0.4402173913043478,0.04707459391263207,0.07873733995052663,0.17648835910046423,0.35076592371759485,0.14354412565856683,-0.585077467632988,0.01762852433732029,SST
0.0,1.0,0.0,0.5,0.4402173913043478,0.0502477037778225,0.07798238912789997,0.13295766933818837,0.34617772026195953,0.17043668972613985,-0.624334868136811,0.03608249963406681,SST
0.0,1.0,0.0,0.375,0.7735507246376812,0.08213215581138622,0.08269249975032458,0.14517083983383466,0.3205759960155911,0.1929529833871514,-0.5532054314668791,0.5786862838965847,SST
0.0,1.0,0.0,0.375,0.7735507246376812,0.054407822110077275,0.08593350383631713,0.10743198923477593,0.30277131250330147,0.16218876282324451,-0.5637691265599454,0.583946204687618,SST
0.0,1.0,0.0,0.5,0.6721014492753623,0.01987068285759344,0.054842989827509944,0.1309195200805957,0.24274732014313383,0.1314464535825119,-0.45842742665854086,-0.11422534084403956,SST
0.0,1.0,0.0,0.5,0.6721014492753623,0.025878098605237966,0.054274341315473554,0.1821066702730652,0.2069174452174869,0.20213200122449154,-0.5715348185411411,-0.186674850366301,SST
0.0,1.0,0.0,0.375,0.6557971014492754,0.007359512169479052,0.059708093763821295,0.13952864938295068,0.20611848643262143,0.11175153796331189,-0.7098534954231608,-0.7562320765896341,SST
0.0,1.0,0.0,0.375,0.6557971014492754,0.005009415846452128,0.06243550051599585,0.09301570256384056,0.16420667782651166,0.09877039208728261,-0.6213229130541403,-0.4330420852978955,SST
0.0,1.0,0.0,0.375,0.6557971014492754,0.004731114966093676,0.06501547987616096,0.12122094230907776,0.20608096699135003,0.13909584061037544,-0.6987318876014167,-0.7152811275402553,SST
0.0,1.0,0.0,0.25,0.5652173913043478,0.002996372811859328,0.16082776600945084,0.31033516056270377,0.26953424156503425,0.42529557434323734,-0.05178672205919003,-0.848500850434796,EXC
0.0,1.0,0.0,0.25,0.5652173913043478,0.005519634127109289,0.1674480318443166,0.31399314926711436,0.2960791594007433,0.4358384391359826,-0.011257840254816392,-0.5934647654325305,EXC
0.0,1.0,0.0,0.25,0.592391304347826,0.035798769910108816,0.15785382086987354,0.2701297551191512,0.40497166113462757,0.4149228826769166,0.018484567247801866,0.6039067492139852,EXC
0.0,1.0,0.0,0.25,0.592391304347826,0.030594543447405774,0.15856499952124092,0.26620143133316815,0.3981792351727691,0.39084735400998666,0.08919627821267105,0.6961808077591234,EXC
0.0,1.0,0.0,0.25,0.592391304347826,0.029031841837393015,0.2171998624011008,0.3226029400175883,0.2708865262651736,0.3931695981433459,0.05541778734264588,0.8307676622962636,EXC
0.0,1.0,0.0,0.0,0.6014492753623188,0.0008602027211079412,0.6269349845201238,0.22885661157580373,0.3444995039314081,0.33672856623827757,-1.7247183665005141,-1.366194398677274,EXC
0.0,1.0,0.0,0.25,0.6014492753623188,0.0027598170635546445,0.14993365767359573,0.2845469636236398,0.3335714559159219,0.3798068207688809,-0.20277608919645282,-1.3409253955672344,EXC
0.0,1.0,0.0,0.25,0.7282608695652174,0.0077099651299304345,0.2233323951590205,0.29594951341819714,0.24379516800045287,0.18040560751439522,-0.16567193773797895,-0.05973328706972014,EXC
0.0,1.0,0.0,0.25,0.7282608695652174,0.014035641066077907,0.23011096810101922,0.25091822409587816,0.23588637266549517,0.2971068637737106,-0.05554397711687631,0.21088046650865777,EXC
0.0,1.0,0.0,0.5,0.6195652173913043,0.0031540766440624505,0.11145510835913311,0.376704274975956,0.3813369591586395,0.4281651934758827,-0.31200634993125465,-1.4420577128405632,EXC
0.0,1.0,0.0,0.25,0.5742753623188406,0.09036429585238923,0.2630120110871573,0.38063945072255906,0.5214772150704046,0.509046674451854,0.11620504067467761,1.0512608897249602,EXC
0.0,1.0,0.0,0.375,0.6358695652173914,0.021447721179624665,0.12852850118375525,0.24675043791590973,0.3192614638278151,0.34293292165103123,-0.06858312036826612,0.17985533928968475,EXC
1.0,0.0,0.0,0.5,0.30978260869565216,0.18183251853020027,0.06020638044782892,0.6107961987992958,0.47328650427370667,0.8932613261440867,-0.7074266973449802,-0.3837326365235649,PV
1.0,0.0,0.0,0.5,0.30978260869565216,0.19728749408610632,0.06115479133720886,0.545962069391523,0.508781027844331,0.6977544718875626,-0.6638885316501623,-0.09856448352415402,PV
1.0,0.0,0.0,0.5,0.1576086956521739,0.34205961204857277,0.1181866063743689,0.3787946120630448,0.7205130086133092,0.4751498953341076,0.2237058149754051,1.8958549102698175,PV
1.0,0.0,0.0,0.5,0.3007246376811594,0.08901505195465138,0.04940152604763415,0.4440845352751041,0.44200346651920397,0.6886902817123499,-0.4605227999930814,-0.22636573054833856,PV
1.0,0.0,0.0,0.5,0.3007246376811594,0.14256426431162278,0.04989177785692758,0.4810337524369133,0.47703565099007406,0.6615470077593857,-0.43848536971300933,-0.0676546936348507,PV
0.0,1.0,0.0,0.5,0.6105072463768116,0.011039268254218578,0.13918620079610794,0.3636207176343835,0.33776683343187347,0.45742095995067183,-0.03812421859876274,-0.6890999824992821,EXC
0.0,0.0,1.0,0.25,0.8550724637681159,0.04384166535246807,0.19494621021449093,0.5257337322004196,0.2769632540795138,0.6763349296156762,-0.3337463026752024,0.18246255705156444,EXC
1.0,0.0,0.0,0.25,0.125,0.10676549440151396,0.13148519922623483,0.2828547734267913,0.25562132011105054,0.2685554173880759,-0.2029087780044087,1.238557130731501,SST
1.0,0.0,0.0,0.25,0.1829710144927536,0.035483362245702574,0.08276573787409701,0.18237180891443694,0.163955476390455,0.30906193541156995,-0.467405455734951,0.6668690835268376,SST
1.0,0.0,0.0,0.25,0.1829710144927536,0.04321085002365557,0.08399810173781383,0.1808701337350942,0.17882776107995468,0.3157939604967733,-0.37263204715420256,0.83452596618874,SST
0.0,1.0,0.0,0.375,0.6557971014492754,0.03027913578299953,0.16253869969040247,0.38576364682550096,0.3350255974748875,0.6067890928106021,0.11620583571247403,0.5750172821580904,EXC
0.0,1.0,0.0,0.375,0.6557971014492754,0.021290017347421544,0.15280357757137938,0.4403709271495015,0.2855016478407932,0.6281860402247532,0.15001718671628209,0.2367439157019507,EXC
0.0,1.0,0.0,0.75,0.6648550724637681,0.50014643927276,0.04669692912726967,0.37817268697311895,0.6304827824211727,0.43864407551213785,-0.43975250364925017,0.5536554550416037,PV
0.0,1.0,0.0,0.75,0.6648550724637681,1.0,0.052995811327627006,0.3983941791606382,0.43274505495283166,0.5769341901651646,-0.653932451055029,0.32428641828464605,PV
1.0,0.0,0.0,1.0,0.5289855072463768,0.20264942438101247,0.050783631085036904,0.2918447866458636,0.6834198477269798,0.2769384923588241,-0.5017737644669736,0.1130480151781859,PV
0.0,1.0,0.0,0.875,0.6811594202898551,0.09462229932187352,0.04055727554179566,0.3242479473945697,0.5725970963541931,0.36949912958717174,-0.3543559944807059,-0.18967411218115737,PV
0.0,1.0,0.0,0.875,0.6811594202898551,0.09414918782526414,0.04153896417069869,0.3254023494278813,0.5832553870152373,0.3660265603743306,-0.2591749031474937,-0.1176094332699887,PV
0.0,1.0,0.0,0.625,0.6467391304347826,0.15563736819494367,0.04947718908814767,0.2990798726440462,0.4948235436100983,0.412831264065524,-0.34803909598427474,0.5128535539424979,PV
0.0,1.0,0.0,0.625,0.6467391304347826,0.16464280082005991,0.04545211914166755,0.3929831633053648,0.5199748021920756,0.590158310612108,-0.2541034152267936,0.48121195806235434,PV
0.0,1.0,0.0,0.625,0.6938405797101449,0.02680965147453083,0.052558732471316684,0.161371805444454,0.34398985070275767,0.16019782175110997,-0.3979923122940681,0.248732674245646,PV
0.0,1.0,0.0,0.625,0.5851449275362319,0.05850812174735846,0.06258710038136406,0.2788723992463475,0.5027912318988994,0.20652413568451838,-0.5289308589553248,-0.3079675341096364,SST
0.0,1.0,0.0,0.375,0.6503623188405797,0.05661567576092099,0.09795010219305432,0.21920954263490983,0.20559567015416907,0.19906111654422098,0.04964780141451413,1.4104330825617444,SST
0.0,1.0,0.0,0.375,0.6503623188405797,0.01561267938810913,0.09681958907965098,0.08455252470399566,0.10134590076552547,0.11639829296414544,-0.150631124148329,1.2579988864767353,SST
1.0,0.0,0.0,0.5,0.1920289855072464,0.2518910864706426,0.188850478833475,0.9160771640769567,0.800185531697444,0.8038960636105132,0.6933013846813859,2.6608538055136024,VIP
1.0,0.0,0.0,0.5,0.1920289855072464,0.22062766125216843,0.1950796345023092,0.8593681855466042,0.5527070298465253,0.6929420072242978,0.6643710918499318,2.2673720897385365,VIP
1.0,0.0,0.0,0.5,0.1920289855072464,0.2184198076013247,0.1967430787629511,0.8265940895574109,0.6067471357350082,0.6164813707288581,0.7067683860576714,2.6849719397953553,VIP
1.0,0.0,0.0,0.5,0.1920289855072464,0.1987068285759344,0.20555064130915524,0.7876700991798173,0.5985412809506994,0.5819848703147446,0.7366105344972496,2.746418367107703,VIP
1.0,0.0,0.0,0.25,0.14855072463768115,0.2660463649266677,0.1381572065384354,0.5739652438654996,0.4801961706946598,0.5761267023625634,0.23791688533267233,1.69557147814212,VIP
1.0,0.0,0.0,0.25,0.14855072463768115,0.28512852862324556,0.15226444560124933,0.6786545386807721,0.4631548667727644,0.612464723080201,0.41140713570743626,1.8353850884959522,VIP
0.0,1.0,0.0,0.5,0.45833333333333337,0.012398784049073082,0.12832002607137033,0.3429718144120936,0.23888000969075668,0.38136181756438897,-0.24484995296001222,-1.3295791708779123,EXC
0.0,1.0,0.0,0.5,0.45833333333333337,0.013247121905062293,0.13666519239274655,0.4079375309073883,0.3203497469190311,0.44728081724954744,-0.193288378793779,-0.9818214720881921,EXC
0.0,1.0,0.0,0.5,0.5307971014492754,0.005677337959312411,0.15634674922600617,0.21566789646148116,0.28996133005383884,0.22756720697848543,-0.22052826488364605,-0.49852863608490944,EXC
0.0,1.0,0.0,0.375,0.5108695652173914,0.010093045260999842,0.18459752321981424,0.38788098031080637,0.4309429355354135,0.5013959177168852,0.5677442574157382,0.44101985442140124,EXC
0.0,1.0,0.0,0.375,0.6557971014492754,0.015297271723702887,0.1486068111455108,0.37895537597057766,0.295708722036494,0.5087220238412316,0.08579627839692938,-0.2862663197573999,EXC
0.0,1.0,0.0,0.375,0.6557971014492754,0.011039268254218578,0.14953560371517027,0.38739204182249604,0.2871815638943783,0.40364020590755817,0.09210708221987239,-0.3496025774844787,EXC
0.0,1.0,0.0,0.25,0.605072463768116,0.016558902381327865,0.2093100398053958,0.24275596292106227,0.5657977943489605,0.3747117742477381,-0.19268630209604373,0.24664455045007974,EXC
0.0,1.0,0.0,0.625,0.5289855072463768,0.007772546015725325,0.12437743976309056,0.3987942162112577,0.3878454531073613,0.5960926845096781,-0.13187228996341205,-0.9477035930206503,EXC
0.0,1.0,0.0,0.625,0.5289855072463768,0.02602113231351522,0.12496481846327047,0.442207109941365,0.3365092930510694,0.7997147319613906,0.006260940440473414,-0.4109447190618166,EXC
