Cell_tdTomatoExpressing_True,Cell_Layer_L2/3,Cell_Layer_L4,Cell_Layer_L5,Cell_APThreshold_Slope,Cell_Depth,firing_rate,ap_duration,std_vm,fft_low,fft_high,ap_threshold,mean_vm,cell_type
0.0,1.0,0.0,0.0,0.25,0.23239436619718312,0.01734412523347861,0.10251748251748251,0.42282124415858197,0.2575854972140914,0.29797289320444653,0.9451524385767935,2.9326378448749013,EXC
0.0,1.0,0.0,0.0,0.25,0.4454225352112677,0.0010673307835986838,0.18409090909090908,0.338408262593114,0.34166685480282566,0.2753257597801507,0.43152739295392467,0.9253928826914452,EXC
0.0,1.0,0.0,0.0,0.25,0.4454225352112677,0.00026683269589967095,0.6090909090909091,0.43158459827698054,0.43320872469576976,0.2984623659676029,-0.06411057491238377,0.5697099248478426,EXC
0.0,1.0,0.0,0.0,0.25,0.4454225352112677,0.0,0.0,0.38180820884422423,0.37753152997425404,0.3253787094365498,3.5844000632510205,1.208403592420349,EXC
0.0,1.0,0.0,0.0,0.25,0.25880281690140844,0.0008004980876990127,0.3151515151515152,0.1957823325136568,0.15818324841399362,0.21818287033625966,0.4864693066440226,1.4065411043368048,EXC
0.0,1.0,0.0,0.0,0.25,0.25880281690140844,0.0008004980876990127,0.30000000000000004,0.19161548453628185,0.18287252056849035,0.17899275488337651,0.23042838140161132,1.3280012900436395,EXC
0.0,1.0,0.0,0.0,0.25,0.2693661971830986,0.004536155830294405,0.2641711229946524,0.7891372877470366,0.26650081017696053,0.6948261282935237,0.1210623371765307,-0.8469261707197869,EXC
0.0,1.0,0.0,0.0,0.25,0.2693661971830986,0.00026683269589967095,0.2636363636363636,0.3393684260292647,0.2835639357307077,0.29771112692740515,0.3816153727706668,-0.7163583805819711,EXC
0.0,1.0,0.0,0.0,0.25,0.2693661971830986,0.0013341634794983546,0.62,0.3749643610189113,0.25746531082938845,0.30039241471147127,-0.573097106316075,-0.6083866752761731,EXC
0.0,1.0,0.0,0.0,0.25,0.07570422535211269,0.0021346615671973676,0.3386363636363636,0.6439551577227414,0.12057571155088019,0.5293215816560908,-0.6563079888018261,-1.843212670406799,EXC
0.0,1.0,0.0,0.0,0.25,0.07570422535211269,0.0021346615671973676,0.3931818181818182,0.4761462691057368,0.11441441432555892,0.43339332006230485,-0.5859378440667095,-1.222993481017742,EXC
0.0,1.0,0.0,0.0,0.25,0.4190140845070423,0.0005336653917993419,0.1409090909090909,0.2919059341342284,0.43226094053244835,0.25503974102864424,-0.0012852704375262915,-1.8283643350131378,EXC
0.0,1.0,0.0,0.0,0.25,0.22535211267605637,0.0008004980876990127,0.48484848484848486,0.4414819501071762,0.3319735498770537,0.45125823886389765,-0.7182869169654361,-1.9715922426995562,EXC
0.0,1.0,0.0,0.0,0.25,0.17781690140845074,0.00026683269589967095,0.21818181818181817,0.32292299204358393,0.17138392373820288,0.3260537755020954,-0.026096187447227488,-1.8598047834796656,EXC
0.0,1.0,0.0,0.0,0.25,0.17781690140845074,0.0,0.0,0.303118215556808,0.1625558803519691,0.30078473128366495,3.5844000632510205,-1.3777076630768517,EXC
0.0,1.0,0.0,0.0,0.25,0.09330985915492956,0.00026683269589967095,0.2272727272727273,0.5068074989916982,0.2490567084314671,0.45250076836291925,-0.40014615265780795,-2.489067425869842,EXC
0.0,1.0,0.0,0.0,0.25,0.1637323943661972,0.0,0.0,0.5058718218058109,0.10231802957917129,0.4167250428192638,3.5844000632510205,-2.762999714546155,EXC
0.0,1.0,0.0,0.0,0.25,0.35739436619718307,0.0037356577425953926,0.2012987012987013,0.41112544922454414,0.5432965342669732,0.39767116138154873,-0.183791639919914,-1.022412621930907,EXC
0.0,1.0,0.0,0.0,0.25,0.35739436619718307,0.0016009961753980255,0.19848484848484846,0.40242714874786173,0.5095506566585606,0.36763292623268273,-0.17041543960502017,-1.1548291232854224,EXC
0.0,1.0,0.0,0.0,0.25,0.1109154929577465,0.0018678288712976963,0.4168831168831168,0.40381648334891534,0.10514956996972845,0.3297687832695214,-0.22213766871519103,-0.49777197793537614,EXC
0.0,1.0,0.0,0.0,0.25,0.1109154929577465,0.0021346615671973676,0.46590909090909094,0.4119683033629382,0.11797582913036085,0.36857169431188597,-0.09661142526427248,-0.3427721983578652,EXC
0.0,1.0,0.0,0.0,0.25,0.39260563380281693,0.03335408698745886,0.21214545454545455,0.6478025520712836,0.43723429834435057,0.5509604710778928,-0.03045594437300333,0.13327700791159058,EXC
0.0,1.0,0.0,0.0,0.25,0.39260563380281693,0.0082718135728898,0.17126099706744863,0.4715407565646534,0.34707968013332097,0.42082322601402544,-0.03269558246395642,-0.09111504035265734,EXC
0.0,1.0,0.0,0.0,0.25,0.39260563380281693,0.008004980876990128,0.18424242424242418,0.45540927729857955,0.3517977615238922,0.3432359740386418,-0.025960767237427705,-0.35461422599032455,EXC
0.0,1.0,0.0,0.0,0.25,0.35739436619718307,0.0018678288712976963,0.2662337662337662,0.40144308989391114,0.3935208363472784,0.43174913895564176,-0.204477767886231,-1.348075635033262,EXC
0.0,1.0,0.0,0.0,0.25,0.12852112676056338,0.0,0.0,0.38312797948641797,0.17883850665837014,0.3078115866069988,3.5844000632510205,-1.7021287686016184,EXC
0.0,1.0,0.0,0.0,0.25,0.12852112676056338,0.0013341634794983546,0.3218181818181819,0.3478956386517915,0.1766901323511188,0.30135053423016595,-0.22023073106699395,-0.7664032714681996,EXC
0.0,1.0,0.0,0.0,0.25,0.4102112676056338,0.0013341634794983546,0.17272727272727273,0.3524950240078852,0.17852099406038818,0.3832669433035404,-0.43966950817501577,-1.6174953511357264,EXC
0.0,1.0,0.0,0.0,0.25,0.4419014084507042,0.007738148181090456,0.2664576802507837,0.3206013230684941,0.35041671859908113,0.2918740534505307,-0.26728091532763476,-0.12645590007849228,EXC
0.0,1.0,0.0,0.0,0.25,0.4419014084507042,0.004002490438495064,0.1951515151515152,0.3581486022967291,0.31465821640259756,0.3471337986190352,-0.2868187573025885,-0.5789475328941193,EXC
0.0,1.0,0.0,0.0,0.25,0.4419014084507042,0.0050698212220937474,0.17990430622009568,0.3945958414420177,0.3557948170045049,0.3405367705539388,-0.2927160275613991,-0.6526109213467582,EXC
0.0,1.0,0.0,0.0,0.25,0.4419014084507042,0.0026683269589967092,0.16454545454545455,0.34817761224263893,0.39288900259035875,0.2771050173895445,-0.2991903611793286,-0.8563303520674462,EXC
0.0,1.0,0.0,0.0,0.25,0.4419014084507042,0.0016009961753980255,0.1863636363636364,0.21069689301236266,0.385401008857673,0.18999554370184246,-0.2911329630099521,-0.029429251517997652,EXC
0.0,1.0,0.0,0.0,0.25,0.4419014084507042,0.004269323134394735,0.20113636363636367,0.22324851770970178,0.3744813860344925,0.20124352172726534,-0.28682838998008914,-0.04093772566968674,EXC
0.0,1.0,0.0,0.0,0.25,0.4419014084507042,0.011206973227786179,0.2218614718614719,0.28999324928564774,0.37226496603745596,0.2495741113513934,-0.2682636222633804,0.03183365292179677,EXC
0.0,1.0,0.0,0.0,0.25,0.36619718309859156,0.0,0.0,0.2841195110531948,0.10762699419590215,0.3099184511597087,3.5844000632510205,-2.533317785425142,EXC
0.0,1.0,0.0,0.0,0.25,0.36619718309859156,0.00026683269589967095,0.35454545454545455,0.2908232767756876,0.11343718605309379,0.2666149425172838,-0.8769220409059413,-2.4822553066995305,EXC
0.0,1.0,0.0,0.0,0.25,0.36619718309859156,0.0016009961753980255,0.353030303030303,0.38133141506459806,0.12834785114854597,0.3130927539721031,-0.772116376470347,-2.3587319919893623,EXC
0.0,1.0,0.0,0.0,0.25,0.36619718309859156,0.0008004980876990127,0.28181818181818186,0.3936827470184277,0.16652850303373345,0.41154438723172765,-0.7823213356222319,-2.358216196859457,EXC
0.0,1.0,0.0,0.0,0.25,0.5264084507042255,0.007738148181090456,0.1855799373040752,0.3408821717775216,0.3966781443342191,0.25429741070040063,-0.2105244142750152,-0.21929969768519478,EXC
0.0,1.0,0.0,0.0,0.25,0.5264084507042255,0.0008004980876990127,0.18181818181818182,0.33738837677724026,0.345209851684153,0.2630512070617796,0.1363110977763689,-0.31127905150029955,EXC
0.0,1.0,0.0,0.0,0.25,0.5264084507042255,0.00026683269589967095,0.19090909090909092,0.2891972850392254,0.3505074462071073,0.2545307417702148,0.08591560427593294,-0.48529809309528393,EXC
0.0,1.0,0.0,0.0,0.25,0.5264084507042255,0.0021346615671973676,0.1965909090909091,0.2656734651365631,0.3272958705226184,0.26134359480720093,0.015654338575283613,-0.5621531384058905,EXC
0.0,1.0,0.0,0.0,0.25,0.5264084507042255,0.00026683269589967095,0.2,0.2787174586407978,0.38369740304480143,0.24565258972543608,0.1848692477688463,-0.5386804169736382,EXC
0.0,1.0,0.0,0.0,0.25,0.221830985915493,0.0,0.0,0.2794642745682598,0.2533479284499135,0.29099205714974624,3.5844000632510205,-0.45855752791972276,EXC
0.0,1.0,0.0,0.0,0.25,0.221830985915493,0.0,0.0,0.2952620963345786,0.27304873947748487,0.2928310580747786,3.5844000632510205,-0.44929234761795783,EXC
0.0,1.0,0.0,0.0,0.25,0.221830985915493,0.0,0.0,0.27718878713808015,0.28897603963997276,0.26732223344186296,3.5844000632510205,-0.4227744959699751,EXC
0.0,1.0,0.0,0.0,0.25,0.221830985915493,0.0,0.0,0.3108965422006647,0.2936992521191493,0.3117779061192269,3.5844000632510205,-0.45121193894966644,EXC
0.0,1.0,0.0,0.0,0.25,0.221830985915493,0.0,0.0,0.3096889127226611,0.29115049473675675,0.30512055922537223,3.5844000632510205,-0.314596962683804,EXC
0.0,1.0,0.0,0.0,0.25,0.221830985915493,0.0005336653917993419,0.20909090909090908,0.34492785854433733,0.3237665770979439,0.3309054179209928,0.20692325065504777,-0.33115376455700196,EXC
0.0,1.0,0.0,0.0,0.25,0.221830985915493,0.0021346615671973676,0.27045454545454545,0.42272380218990785,0.33199694723724643,0.34514812765802944,0.21044203906278452,-0.44255133323567825,EXC
0.0,1.0,0.0,0.0,0.25,0.221830985915493,0.0021346615671973676,0.24204545454545456,0.3996262985670164,0.368750706067311,0.3851273270230125,0.1562133654717667,-0.16938581200827416,EXC
0.0,1.0,0.0,0.0,0.25,0.221830985915493,0.0013341634794983546,0.4254545454545454,0.5202097749256875,0.303230142941002,0.48658852476016107,0.5308291764884466,-0.1419187489627436,EXC
0.0,1.0,0.0,0.0,0.25,0.176056338028169,0.0,0.0,0.19220070428895214,0.05728853726165091,0.16136872087238063,3.5844000632510205,-0.5078431617778125,EXC
0.0,1.0,0.0,0.0,0.25,0.176056338028169,0.0,0.0,0.13292538599246673,0.059241101379911745,0.13570376909293544,3.5844000632510205,-0.3253861099989311,EXC
0.0,1.0,0.0,0.0,0.25,0.176056338028169,0.0,0.0,0.16536504762838805,0.07681355370888361,0.19595352134893218,3.5844000632510205,-0.37830271098544244,EXC
0.0,1.0,0.0,0.0,0.25,0.176056338028169,0.0,0.0,0.18978981654612742,0.0705432608086388,0.20827284962910664,3.5844000632510205,0.037910203637904316,EXC
1.0,0.0,1.0,0.0,0.25,0.46302816901408456,0.03255358889975985,0.12496274217585693,0.2998458827133917,0.4909699791198596,0.282680567737868,-0.40155905619808685,0.4476672589977948,PV
1.0,1.0,0.0,0.0,0.5,0.4278169014084507,0.11749533042782176,0.08672493290207146,0.6065461978953486,0.7432890509077063,0.5545778327695383,-0.42601519852249736,0.023584208854545034,PV
1.0,0.0,0.0,1.0,0.375,0.8151408450704225,0.008627590500756026,0.30056232427366447,0.4632991860881946,0.20934649263411992,0.49233555890855224,-0.22284372926281668,-0.15969336793304764,EXC
1.0,0.0,0.0,1.0,0.375,0.8151408450704225,0.004891932758160633,0.3251239669421488,0.36591539090557695,0.18510997905829552,0.33085170949821574,-0.18274224188652022,-0.06004508445750676,EXC
1.0,0.0,0.0,1.0,0.375,0.8151408450704225,0.0050698212220937474,0.3354066985645933,0.30295198146239555,0.17691182462789656,0.28557163984941797,-0.15444902788015258,0.24016017402311685,EXC
1.0,0.0,0.0,1.0,0.25,1.0,0.031041536956328383,0.27035686376660595,0.6089640749843668,0.23741266969431896,0.6759104800814939,-0.5187400451796944,-0.2789072899848178,EXC
1.0,0.0,0.0,1.0,0.25,1.0,0.021880281063773013,0.31359940872135994,0.5156284528426314,0.2116534235577215,0.5533328082709692,-0.565851716718537,-0.20452623683448473,EXC
1.0,0.0,0.0,1.0,0.25,0.9735915492957745,0.020457173352308105,0.39035573122529643,0.21081004526989855,0.05015875786816164,0.2799081302333129,-0.672781793849983,0.0574180302542011,EXC
1.0,0.0,0.0,1.0,0.375,0.7992957746478873,0.14809214622431735,0.20398034398034398,0.6449404806624475,0.5982356284892422,0.6755886343858895,-0.6122023371402879,0.01916065178903446,VIP
1.0,0.0,0.0,1.0,0.25,0.834507042253521,0.09970648403451036,0.14586002757278405,0.42276081570062646,0.3610328454284002,0.409100925102091,-0.13380509943400765,1.1250272709443414,VIP
1.0,0.0,0.0,1.0,0.25,0.7975352112676057,0.22253846838032557,0.1866252452583388,0.47708114709592014,0.46835993052325664,0.45840147418956284,-0.017462071983787884,1.659584313009211,VIP
1.0,0.0,0.0,1.0,0.25,0.7975352112676057,0.04207062172018145,0.15923505669805882,0.18196166798233226,0.2359931995898013,0.1622849548192267,-0.45419467788466383,1.0514926793635058,SST
1.0,0.0,0.0,1.0,0.25,0.7975352112676057,0.06950991728186427,0.14864770546152503,0.2452354734404008,0.2758139777674107,0.23514813997220846,-0.35287726517179635,1.3695117418535856,SST
1.0,0.0,0.0,1.0,0.25,0.8609154929577465,0.041892733256248336,0.618027407836325,0.6052655321667466,0.3220818387040614,0.6336043544601604,0.35159518172403037,1.675951652571181,EXC
1.0,0.0,0.0,1.0,0.25,0.8873239436619718,0.02499332918260251,0.2189259139437075,0.42496307937868644,0.33471079623667305,0.41318054224286654,0.060305193872282316,0.6963850018379363,EXC
1.0,0.0,0.0,1.0,0.25,0.8873239436619718,0.020546117584274663,0.22554112554112554,0.39631358928388527,0.3324117171033526,0.39480418166644826,0.01238574900123117,0.6287440979848666,EXC
1.0,0.0,0.0,1.0,0.25,0.8873239436619718,0.016187850217913368,0.23486513486513488,0.3845898299958578,0.2969894720581516,0.3896229163207446,0.17867045478040416,1.0232634542147252,EXC
1.0,0.0,0.0,1.0,0.375,0.7095070422535212,0.17851107355687987,0.09783032114870681,0.31404512813235347,0.5369692083408268,0.3022069619517242,0.322418732113612,2.4056438786493137,PV
1.0,0.0,1.0,0.0,0.25,0.7024647887323945,0.020376314959611234,0.3468614718614719,0.47668960868907656,0.2767722468958348,0.38353755379672616,0.11885539105336627,0.3909951157647555,SST
1.0,0.0,1.0,0.0,0.5,0.75,0.07675887218713867,0.07508690614136734,0.3869199513766573,0.8962243996141496,0.3019922579498388,-0.08164042256169113,0.9318352681094456,PV
1.0,0.0,1.0,0.0,0.5,0.5897887323943662,0.10744463221560083,0.07500000000000001,0.4953746540737121,0.7269894757388773,0.5051565432759477,-0.3858887458544886,0.1761825325556956,PV
1.0,0.0,1.0,0.0,0.5,0.6038732394366197,0.5533220670639509,0.07786675629466179,0.41546540681323846,0.2573967406156159,0.3783985123812377,-0.02420288904090017,1.6846623624495674,PV
1.0,1.0,0.0,0.0,0.25,0.17781690140845074,0.09855020901894512,0.09591401378404987,0.3281404800847016,0.5743482989652399,0.3425867987746735,-0.5423557881584312,0.524804213293926,PV
1.0,1.0,0.0,0.0,0.375,0.2975352112676056,0.024904384950635954,0.10711038961038961,0.3175044281101145,0.3718921905862771,0.3106557762280826,-0.17125363174305497,0.5779879691500859,SST
1.0,1.0,0.0,0.0,0.375,0.5,0.15289513475051142,0.11931355439208845,0.4059253062859803,0.5290124104431457,0.4229012218640495,0.18956806916627547,1.9429491175776863,SST
1.0,1.0,0.0,0.0,0.375,0.10387323943661975,0.010139642444187495,0.11291866028708131,0.24504571735235753,0.3606191641769066,0.23697000080394237,-0.5846907656972262,-0.23339854938051138,SST
1.0,1.0,0.0,0.0,0.375,0.10387323943661975,0.016009961753980256,0.12873737373737376,0.25731640836712255,0.3647194237370244,0.23002641727325895,-0.472005324415201,0.07799124206925907,SST
0.0,1.0,0.0,0.0,0.25,0.27992957746478875,0.0015120519434314685,0.2978609625668449,0.3395410117404993,0.28143969520300705,0.27030452143218914,0.2642334292922407,0.16020004900033813,EXC
1.0,1.0,0.0,0.0,0.25,0.45246478873239443,0.011740638619585521,0.24180440771349865,0.3128118081733219,0.26084501046051434,0.2822161233136325,-0.11743328850635322,0.8107459739689151,SST
1.0,1.0,0.0,0.0,0.375,0.20774647887323944,0.08492240582546048,0.20910332836562345,0.5191984140368566,0.3137240440263779,0.3965251419277121,0.04363847696404913,1.2556526107173798,SST
0.0,1.0,0.0,0.0,0.25,0.35739436619718307,0.044027394823445705,0.11968778696051426,0.4094825991017482,0.450198875038726,0.4105493264338319,-0.40794181284256575,0.18631392162584615,EXC
1.0,1.0,0.0,0.0,0.25,0.20422535211267606,0.1744196388864182,0.1399564229752909,0.5487618223442352,0.46885188835252,0.5631361991748824,-0.16881850116107772,1.2133030589924927,PV
1.0,1.0,0.0,0.0,0.25,0.25528169014084506,0.16596993684959532,0.13913085842346293,0.41608786355366484,0.58351619369151,0.42275649678695487,-0.4281764312008611,0.9558022265208723,PV
1.0,1.0,0.0,0.0,0.25,0.25528169014084506,0.17379702926265234,0.14223969479854845,0.487404902810688,0.576081427105496,0.4239745079137467,-0.39129482458672615,0.9677611338648386,PV
1.0,1.0,0.0,0.0,0.5,0.45774647887323944,0.1634794983545317,0.06399742803442476,0.5856377275880713,0.6654770442897896,0.6033898996179148,-0.40395729684077786,0.17035009417202443,PV
1.0,1.0,0.0,0.0,0.375,0.3820422535211268,0.01645468291381304,0.18692874692874697,0.28313278580136625,0.27760760585260996,0.2589932978668398,-0.009136469565276239,1.2937313999164801,SST
0.0,1.0,0.0,0.0,0.25,0.2147887323943662,0.013608467490883217,0.44349376114081995,0.5247446124818917,0.28358471810043656,0.5319780982349875,-0.14519347900819546,-0.47900010390913483,EXC
1.0,1.0,0.0,0.0,0.25,0.3362676056338028,0.030418927332562486,0.22543859649122808,0.32966586301293116,0.3155112610069562,0.2982046981233011,-0.3273715190078012,0.8279008054243733,SST
1.0,1.0,0.0,0.0,0.25,0.602112676056338,0.03922440629725162,0.18668315811172956,0.3309398404505593,0.25734672519226853,0.24361752403814224,-0.01324239407126343,1.5061626447224838,SST
1.0,0.0,1.0,0.0,0.25,0.551056338028169,0.04002490438495064,0.18105050505050507,0.34543485743021046,0.37115113516187176,0.2749139315926314,-0.11460309994761711,1.1679521829670456,SST
1.0,0.0,1.0,0.0,0.375,0.6566901408450705,0.015120519434314687,0.13213903743315508,0.2404438889141936,0.29041031757610375,0.18593460561414496,-0.4573548798585756,0.4431175223868141,SST
1.0,0.0,1.0,0.0,0.25,0.5387323943661972,0.004536155830294405,0.1288770053475936,0.19075742942180302,0.26857107544878184,0.19965754677732983,-0.40131782321377907,0.10496733349008708,SST
0.0,1.0,0.0,0.0,0.25,0.42957746478873243,0.0016899404073645824,0.25311004784688995,0.6068441039097896,0.2477015723864568,0.5522639177612392,-0.39038606737557197,-2.2435774143070755,EXC
1.0,0.0,0.0,1.0,0.25,0.8538732394366197,0.00471404429422752,0.2871355060034305,0.2691273218802093,0.16045008478971629,0.22257909590994995,-0.3101941792712166,-0.1266809901157694,EXC
1.0,0.0,0.0,1.0,0.25,0.8538732394366197,0.003290936582762608,0.27248157248157245,0.2783430376517123,0.15353042495393548,0.24322261179572446,-0.34165781084571434,-0.507536464892955,EXC
1.0,0.0,0.0,1.0,0.25,0.8538732394366197,0.0010673307835986838,0.28636363636363643,0.19815374085276066,0.14180102444232567,0.18482566322907718,-0.29335666498589485,-0.35621531111093213,EXC
1.0,0.0,0.0,1.0,0.25,0.7640845070422535,0.016899404073645825,0.11416267942583731,0.29518583045499697,0.4347266103269978,0.2839615319313315,-0.7291644270321,-0.44609741097813727,SST
1.0,0.0,0.0,1.0,0.25,0.7640845070422535,0.014764742506448457,0.13411829134720704,0.2694153919934376,0.387284666718283,0.26075065138852666,-0.7352787985542182,-0.29959188423566874,SST
0.0,0.0,1.0,0.0,0.25,0.8098591549295775,0.05247709686026862,0.26320493066255785,0.23489829787633731,0.34915226410782985,0.2122208913252403,-0.31821264583106573,1.0591303785674848,EXC
1.0,0.0,0.0,1.0,0.25,0.767605633802817,0.03219781197189362,0.25926670015067804,0.38375156806177607,0.257392860964523,0.36248595101280334,-0.22282936689015514,0.6443443119396066,EXC
1.0,0.0,0.0,1.0,0.25,0.897887323943662,0.020812950280174332,0.35337995337995337,0.30119081081396515,0.21247310760554627,0.3320456213943224,-0.38003873102997654,0.3345861803434948,EXC
1.0,0.0,0.0,1.0,0.25,0.897887323943662,0.01351952325891666,0.326255980861244,0.2875292376976802,0.20248426626056132,0.30984014391577075,-0.3532326611605094,0.17452693648373954,EXC
1.0,0.0,0.0,1.0,0.25,0.9383802816901408,0.08156186071333274,0.3997224149895906,0.6225879904171443,0.7141955258297177,0.5746299118536577,0.15621833221511328,0.9881910106032388,EXC
1.0,0.0,0.0,1.0,0.375,0.9383802816901408,0.04278217557591391,0.32462672462672465,0.44933993963766033,0.36407893626457416,0.46479945867872613,0.16143664106266867,1.1863225262391583,EXC
1.0,1.0,0.0,0.0,0.25,0.4225352112676057,0.0012452192475317977,0.11818181818181821,0.19801327555512083,0.3032222288053005,0.19282645642464408,-0.6758742368643922,-0.4417915465892221,SST
1.0,1.0,0.0,0.0,0.25,0.4225352112676057,0.0037356577425953926,0.10995670995670995,0.21767185124053257,0.3449262773726479,0.22148633344574425,-0.6009186798266134,-0.27945333280527734,SST
0.0,1.0,0.0,0.0,0.25,0.4049295774647888,0.006315040469625545,0.15633802816901407,0.4488009253560998,0.5186209675363157,0.41849457162453246,-0.44271079120677087,-1.5390460601069653,EXC
1.0,0.0,1.0,0.0,0.375,0.5985915492957747,0.032731477363692967,0.17193675889328064,0.2657652372909576,0.24903021768978423,0.23372431319010883,-0.06229344892858665,1.5788779399818096,SST
0.0,1.0,0.0,0.0,0.25,0.41549295774647893,0.00853864626878947,0.19564393939393943,0.4995297785797586,0.3750475451550675,0.5064387245903494,-0.34499725526281383,-1.5928367482510999,EXC
0.0,1.0,0.0,0.0,0.5,0.21654929577464788,0.009161255892555368,0.27722859664607236,0.5172689560948278,0.3011798525302495,0.44549041208252865,-0.05807053052235686,-0.36782069115683064,EXC
1.0,1.0,0.0,0.0,0.25,0.21654929577464788,0.010495419372053722,0.13027734976887523,0.41911630577579445,0.43135081405939546,0.30058295891574155,-0.2814793330445634,-0.44369717947732945,SST
1.0,0.0,0.0,1.0,0.25,0.9137323943661972,0.01556524059414747,0.18176623376623377,0.4078894680603303,0.3096565444125325,0.4222930565903522,-0.2987012083945112,-0.15676526550223668,EXC
1.0,0.0,0.0,1.0,0.25,0.829225352112676,0.02196922529573957,0.158225984541774,0.377523552104195,0.31603956539012523,0.3825269981566289,-0.4920121582234547,-0.478493142560275,EXC
1.0,0.0,1.0,0.0,0.25,0.6232394366197183,0.022502890687538916,0.11311534315486886,0.19827144504526767,0.3286741836042081,0.18594224670424117,-0.06213961951495997,1.4780065154632271,SST
1.0,0.0,1.0,0.0,0.25,0.6214788732394367,0.11633905541225653,0.09017236586043925,0.25450752552883854,0.46802022398174525,0.23956404414830285,-0.43816145646431015,0.925559822436921,SST
1.0,0.0,1.0,0.0,0.25,0.625,0.10095170328204217,0.09706848217861434,0.20308650566732833,0.5069071178655475,0.162964791597803,-0.8481449201230384,0.20720552062234077,SST
1.0,0.0,1.0,0.0,0.25,0.625,0.09819443209107889,0.08835638998682478,0.2035658530813847,0.4593197260418752,0.1297116294965757,-0.8392186948801946,0.19820913315318608,SST
1.0,0.0,1.0,0.0,0.375,0.6742957746478873,0.11171395534999556,0.0834177764910249,0.32512148265656976,0.9838635671609629,0.22584266539397324,-0.5455935431799223,0.40263163681380987,PV
1.0,1.0,0.0,0.0,0.625,0.6126760563380282,0.13715200569243086,0.06725032425421532,0.32851816776488174,0.835510728338111,0.27821341129132465,-0.31999886939922856,0.6936841922736231,PV
1.0,0.0,1.0,0.0,0.625,0.6919014084507042,0.19585519879035848,0.06209231277351168,0.6294838702630456,0.8702727710019644,0.576888203531599,-0.5730577763310326,-0.37715573213331177,PV
1.0,0.0,1.0,0.0,0.625,0.6919014084507042,0.21586765098283378,0.0610180919204405,0.34648857105455577,0.7603882768353416,0.2980619358341176,-0.3369271700693917,0.8170715661780562,PV
1.0,1.0,0.0,0.0,0.375,0.551056338028169,0.012096415547451748,0.09612299465240642,0.22212353372573473,0.2843021376437412,0.22499025042603454,-0.4052436630738538,0.5341888164052068,SST
1.0,0.0,1.0,0.0,0.375,0.6637323943661972,0.016009961753980256,0.08813131313131314,0.26961496993378264,0.47967221575834673,0.2632392398527585,-0.39769213283098254,0.18892820812343028,SST
1.0,1.0,0.0,0.0,0.5,0.5316901408450705,0.00675976162945833,0.10251196172248801,0.2769338119456434,0.4414008821570109,0.2745388917746917,-0.3852108709883992,-0.22973373294388166,SST
1.0,1.0,0.0,0.0,0.5,0.34330985915492956,0.07578048563550654,0.10356380708493385,0.3700852745404712,0.6333138903194289,0.3208720105404082,-0.1157133726943109,0.9672367139543399,SST
1.0,1.0,0.0,0.0,0.5,0.29225352112676056,0.012719025171217648,0.08989192625556262,0.26539434057201283,0.2643715649271139,0.28206055149583,-0.3057933096194569,0.686309639886506,SST
1.0,1.0,0.0,0.0,0.5,0.06690140845070425,0.008894423196655697,0.0791818181818182,0.4161306521097177,0.5787204865744359,0.32440280714693576,-0.10258163834890638,-0.5167164837213098,SST
1.0,1.0,0.0,0.0,0.5,0.06690140845070425,0.024281775326870054,0.08624708624708624,0.42157265846636954,0.6629056480436554,0.3539955519560705,-0.09629379989965853,0.07789701342675985,SST
0.0,1.0,0.0,0.0,0.25,0.047535211267605654,0.004269323134394735,0.17500000000000002,0.3719145406693197,0.24101702607656678,0.3341952228576625,0.20741033021168803,0.4788420849931676,EXC
0.0,1.0,0.0,0.0,0.25,0.040492957746478875,0.0017788846393311394,0.2077272727272727,0.591685167291085,0.2272863816177923,0.6388981614309119,0.2232186577693528,-0.47148790736561486,EXC
1.0,1.0,0.0,0.0,0.25,0.06690140845070425,0.0030657373571451557,0.13939393939393938,0.2649800767251358,0.16963256644478725,0.1582902472132455,-0.16844694470621968,-0.08469742028720109,SST
1.0,1.0,0.0,0.0,0.375,0.07746478873239437,0.01494263097038157,0.09567099567099566,0.339594067775064,0.20219791514193014,0.25149349536539545,-0.3145685593807263,0.08708321403307696,SST
1.0,1.0,0.0,0.0,0.375,0.07746478873239437,0.012274304011384862,0.10065876152832676,0.3150869105746082,0.22854970812874864,0.2421382576520173,-0.4087614645266111,0.00880768934024995,SST
1.0,1.0,0.0,0.0,0.625,0.2359154929577465,0.10772804773440951,0.05187390275551484,0.557951221118018,0.8760212573528605,0.543549529357366,-0.12969401195908098,0.0955383464402754,PV
1.0,1.0,0.0,0.0,0.625,0.2359154929577465,0.11358178422129327,0.0520965330675589,0.6561687971372601,0.8352035067870275,0.6466750185564261,-0.07511749515249883,0.04599487288778116,PV
1.0,1.0,0.0,0.0,0.25,0.5105633802816902,0.01823356755314418,0.11050997782705098,0.22964826207430777,0.41636582084207263,0.20360152701288253,-0.3553634981162698,0.6057676852820439,SST
1.0,1.0,0.0,0.0,0.625,0.5809859154929577,0.04438317175131193,0.08568045181271636,0.3374148770331538,0.6308176102980744,0.28940745963378894,-0.26749190659613387,0.4524546803182064,SST
1.0,1.0,0.0,0.0,0.375,0.5845070422535212,0.024726496486702842,0.10575539568345324,0.1904953778050963,0.365738663074724,0.16817381118250538,0.0921985585385972,1.7424584812007904,SST
0.0,0.0,1.0,0.0,0.375,0.693661971830986,0.0039135462065285065,0.16942148760330578,0.475727181943214,0.2549755765662395,0.3737103427424166,0.040517333026249235,-1.303266315753316,EXC
0.0,0.0,1.0,0.0,0.375,0.693661971830986,0.003201992350796051,0.1772727272727273,0.4178950490470446,0.2657484268849129,0.36231331106254755,0.25404808969089043,-1.263829115157588,EXC
1.0,0.0,1.0,0.0,0.375,0.6514084507042255,0.031575202348127725,0.10074263764404608,0.2073754116121917,0.3134147958007729,0.16070991460798317,-0.3093874698022469,1.0077694359692246,SST
1.0,0.0,1.0,0.0,0.25,0.7605633802816902,0.006937650093391444,0.0837995337995338,0.25461776486713866,0.24932856792235042,0.16438465535208518,-0.24501513115772364,0.26042759152937023,SST
0.0,0.0,1.0,0.0,0.25,0.6566901408450705,0.00969492128435471,0.1445371142618849,0.4895770116576214,0.49071832121008485,0.47479882369009424,-0.04440800379951481,-1.1454928640845052,EXC
0.0,0.0,1.0,0.0,0.25,0.6514084507042255,0.0011562750155652407,0.19720279720279718,0.38382021376720576,0.28875129241334724,0.3415518948722461,-0.29806069039586586,-2.2050211802274924,EXC
0.0,0.0,1.0,0.0,0.0,0.6514084507042255,0.00017788846393311395,1.0,0.32646251657105874,0.3637666422180862,0.2988619952036256,-2.6624035513535205,-2.6893125390222896,EXC
0.0,0.0,1.0,0.0,0.25,0.7024647887323945,0.0013341634794983546,0.18181818181818182,0.4600245506597869,0.2479146671187038,0.45839495553578985,-0.3364911687946583,-1.5635583189657654,EXC
0.0,1.0,0.0,0.0,0.25,0.4700704225352113,0.004091434670461621,0.21798418972332018,0.448383002044996,0.6837357758621438,0.383756004941075,0.026794024220216272,-0.6653392967056662,EXC
0.0,0.0,1.0,0.0,0.25,0.7764084507042255,0.0038246019745619498,0.1784355179704017,0.4886439019532866,0.3477652930282089,0.47026142911433294,-0.23852911342333408,-2.3931564974961237,EXC
1.0,0.0,1.0,0.0,0.5,0.7922535211267605,0.03326514275549231,0.06336898395721927,0.24191075369321935,0.4817065706635175,0.2048688555640129,-0.2889095266988226,0.5799556425017832,PV
1.0,0.0,1.0,0.0,0.875,0.704225352112676,0.03904651783331851,0.056036446469248276,0.6039276549315202,0.7042852288178582,0.5394369611997902,-0.08815231964958649,-1.049464434559698,PV
1.0,0.0,1.0,0.0,0.875,0.704225352112676,0.03922440629725162,0.05784374355802926,0.5441787031805303,0.7772361235046032,0.4771083024376232,-0.09619353573487095,-0.3117674046593267,PV
0.0,0.0,1.0,0.0,0.25,0.6672535211267605,0.0039135462065285065,0.08863636363636364,0.18691668485734597,0.19105742999741482,0.16894942230225823,-0.6388284108781881,-0.6438024698773724,EXC
1.0,0.0,1.0,0.0,0.375,0.6919014084507042,0.02881793115716446,0.08905723905723907,0.5783861923946718,0.5830309188927061,0.5961383333890129,-0.25135889179862486,-0.8877431419132139,PV
0.0,0.0,1.0,0.0,0.375,0.7588028169014085,0.02090189451214089,0.21237911025145068,0.5587803393049775,0.3496594812142603,0.5715883265494612,-0.13351689747176368,-0.26694637251035097,EXC
1.0,0.0,1.0,0.0,0.625,0.721830985915493,0.24086098016543628,0.05925540486101786,0.4183997484793717,0.8984245409081942,0.3138795171864226,-0.2151912578373863,0.8151184267070457,PV
0.0,0.0,1.0,0.0,0.375,0.7464788732394367,0.004002490438495064,0.16202020202020204,0.40205500543079403,0.24039216527579943,0.3886123047530081,-0.22004075933014489,-0.8275696994915969,EXC
0.0,0.0,1.0,0.0,0.5,0.6232394366197183,0.019034065640843194,0.09991503823279523,0.6379089784054375,0.6443342820807948,0.5681155016956141,-0.33089878521255145,-1.9115751476623646,EXC
1.0,0.0,1.0,0.0,0.5,0.7341549295774648,0.0874321800231255,0.06743734393785257,0.36424022724534516,0.5455566816431114,0.32601014892069463,-0.9038812338776374,-0.758625944501413,SST
0.0,0.0,1.0,0.0,0.375,0.6338028169014085,0.044827892911144716,0.16572871572871573,0.5793451535045122,0.580009502634928,0.5934534691953237,-0.19462725423124486,-0.48250726518843384,EXC
0.0,0.0,1.0,0.0,0.375,0.6338028169014085,0.014586854042515343,0.1337767923133777,0.5063878742268302,0.5599975880114011,0.5143700557795159,-0.062272674522976385,-0.9503195980594885,EXC
0.0,0.0,1.0,0.0,0.375,0.5757042253521127,0.010762252067953393,0.18437265214124715,0.37829433406563945,0.39293598566120624,0.3936395318142763,0.38180280645667247,0.8471714726497795,EXC
0.0,0.0,1.0,0.0,0.375,0.6690140845070423,0.007738148181090456,0.14514106583072098,0.6039031276113185,0.48345963829591587,0.6357861490823309,-0.045098467061491634,-1.0651910909074573,EXC
0.0,0.0,1.0,0.0,0.625,0.6619718309859155,0.006226096237658988,0.14454545454545453,0.4213083403212983,0.70752147265706,0.3941330716220065,-0.046548926392912825,-0.9552870916345606,EXC
1.0,0.0,1.0,0.0,0.25,0.6320422535211268,0.07133327403717869,0.07082294264339152,0.1386489680239974,0.26833541071101646,0.13702933934646183,-0.668327983012906,0.6357759528857062,SST
1.0,0.0,1.0,0.0,0.75,0.6408450704225352,0.09125678199768747,0.056716285663654074,0.5311781430509375,0.6956583470544446,0.47539071373486713,0.0016901426112509927,-0.05406650015508499,PV
1.0,0.0,1.0,0.0,0.75,0.6408450704225352,0.03664502357022147,0.05183142100617828,0.47873413191419617,0.7418626965407874,0.4426529890226211,0.005074295864547244,-0.021215151717808106,PV
1.0,0.0,1.0,0.0,0.75,0.6408450704225352,0.05932580272169351,0.0574076598064604,0.4847732190936917,0.7179035256537349,0.45892779913298226,0.16147991187254182,0.5236368482963796,PV
1.0,1.0,0.0,0.0,0.25,0.0880281690140845,0.025253808719075996,0.10706689536878214,0.4245652568628649,0.336764989933772,0.3166358593031811,-0.3123537197016139,0.36163176148542375,VIP
0.0,1.0,0.0,0.0,0.25,0.10035211267605637,0.0010817541725662333,0.19848484848484846,0.32213178547116617,0.24094860197870233,0.32443216988785106,-0.48337922353956475,-1.61420918095417,EXC
1.0,1.0,0.0,0.0,0.375,0.008802816901408467,0.021346615671973674,0.11238636363636363,0.3847129409105515,0.22272450509273645,0.33063421221997696,-0.40582665476479646,-0.5282153401704369,VIP
1.0,1.0,0.0,0.0,0.375,0.008802816901408467,0.02739482344569955,0.11210153482880755,0.4208298694965959,0.22789055554481813,0.3253960328750958,-0.2579766564819672,-0.2020222547000116,VIP
0.0,1.0,0.0,0.0,0.375,0.21654929577464788,0.0029351596548963803,0.1275482093663912,0.43134116252272076,0.42222490296246995,0.4177904375253639,-0.2584719972935573,-1.2729058330907186,EXC
1.0,1.0,0.0,0.0,0.375,0.045774647887323966,0.05016454682913814,0.1486782720825274,0.41042728781850213,0.46033378356878096,0.313834454992421,0.06820080765140228,1.2789193837018833,VIP
0.0,1.0,0.0,0.0,0.375,0.24295774647887325,0.0023125500311304815,0.1475524475524476,0.7074319275034553,0.455178767201859,0.672670778623546,-0.2402974837975447,-2.328264275748511,EXC
1.0,1.0,0.0,0.0,0.375,0.22887323943661975,0.15159432535800055,0.11068106810681066,0.6445592558018134,0.48078354235946197,0.6531469248645871,-0.10323879083379336,0.6209496192578706,VIP
0.0,1.0,0.0,0.0,0.375,0.045774647887323966,0.0012452192475317977,0.1597402597402597,0.48346059234582434,0.20756721121456684,0.5138803508891723,-0.1513673525712299,-1.543970288753099,EXC
1.0,1.0,0.0,0.0,0.5,0.0017605633802816878,0.08965578582228943,0.09522005772005775,0.5800167612845786,0.3838661837761733,0.6268440560953297,-0.07603565638368137,0.321590928562103,VIP
1.0,1.0,0.0,0.0,0.375,0.09330985915492956,0.06686513438427048,0.09573196756295349,0.5824432935558124,0.26885156295256574,0.553282420553018,0.21163203270159728,0.37449332468701824,VIP
1.0,1.0,0.0,0.0,0.25,0.08626760563380281,0.12968069020724007,0.16729642100012473,0.49592129414211844,0.509063745480372,0.3866751985882075,0.33928078875415824,2.0542330866912684,VIP
1.0,1.0,0.0,0.0,0.625,0.04929577464788734,0.03705162577349717,0.13943135054246167,0.5019668213036697,0.4085906697868805,0.4407592607621205,-0.1219683213537124,0.2966900762604939,VIP
1.0,1.0,0.0,0.0,0.25,0.10211267605633806,0.03993596015298408,0.2461024498886414,0.33893575674869475,0.3029426959963338,0.31366872340358165,0.20985371396190514,1.9674240644809462,VIP
1.0,1.0,0.0,0.0,0.375,0.19366197183098594,0.03593346971448902,0.10524302430243022,0.3369691952667991,0.3208452314515898,0.271114398403136,0.09855060129482601,1.2862073870428885,SST
1.0,1.0,0.0,0.0,0.375,0.19366197183098594,0.007560259717157344,0.10545454545454543,0.27045992915130834,0.25041497557182013,0.2300638302629408,0.03120770346329483,0.7908662675881297,SST
0.0,1.0,0.0,0.0,0.375,0.08098591549295775,0.0023125500311304815,0.2744755244755245,0.39373411127659863,0.2902056520478252,0.38418279853049453,-0.17458268371617477,-0.9668237489829149,EXC
0.0,1.0,0.0,0.0,0.375,0.08098591549295775,0.004447211598327849,0.22363636363636363,0.48700285880761346,0.30712511182672264,0.470528359767107,-0.04580292921896925,-0.7827028154041342,EXC
1.0,1.0,0.0,0.0,0.375,0.005281690140845091,0.08565329538379438,0.13077504012083455,0.3844738625590191,0.2500857150407283,0.3444888349720265,0.365610428697608,2.0546608341661075,SST
1.0,1.0,0.0,0.0,0.5,0.05105633802816903,0.07142221826914524,0.13711083437110833,0.4510238295868831,0.5009812715818763,0.32201034332620954,0.19417684375509567,1.5460374169933577,SST
1.0,1.0,0.0,0.0,0.75,0.09154929577464788,0.03664502357022147,0.0887466902030009,0.39151195985800336,0.2970375236295826,0.38675786882451113,-0.1954805084353006,0.33686108638887247,SST
1.0,1.0,0.0,0.0,0.375,0.096830985915493,0.0722611787274244,0.10384685175104336,0.48020669070588934,0.31269668627947567,0.4926556469938071,0.04595992630170303,0.7618621939947335,SST
1.0,1.0,0.0,0.0,0.375,0.0,0.07981778033868418,0.12732558139534886,0.46094119605390643,0.2556792824942982,0.3836934273197245,0.36909756847257713,1.7100990119331287,SST
0.0,1.0,0.0,0.0,0.375,0.12852112676056338,0.0003557769278662279,0.1909090909090909,0.5507143057637705,0.20782527151573588,0.49925433351808673,-0.45841294599346827,-2.4804605086726643,EXC
1.0,1.0,0.0,0.0,0.625,0.2605633802816902,0.24344036289246646,0.060377985186169325,0.6385704779742465,0.4777069317614906,0.6936580708585478,-0.23359176592542055,0.3541629920839731,PV
1.0,1.0,0.0,0.0,0.5,0.15316901408450706,0.09267988970915238,0.0899755714534985,0.8341702548265264,0.7095750053652379,0.8274086426562919,-0.13384574570980198,-0.0690595489381691,PV
1.0,1.0,0.0,0.0,0.5,0.15316901408450706,0.10459841679267101,0.08037260358688933,0.9077728424326121,0.707407211853767,0.9097997282642725,-0.04311617648735806,-0.1939408809273569,PV
1.0,1.0,0.0,0.0,0.625,0.13204225352112675,0.1560971271013075,0.06019684019684019,0.43801796152337663,0.8103105740454853,0.2485581696939418,-0.10483677579898776,1.0958000516580935,PV
1.0,1.0,0.0,0.0,0.625,0.13204225352112675,0.18616027750600375,0.06625114016418364,0.7911558768582647,0.7262887335760183,0.7834903987827677,0.04753764064746464,0.804079761560529,PV
1.0,1.0,0.0,0.0,0.625,0.13556338028169013,0.19523258916659258,0.057473597018016145,0.9999999999999998,0.6924176712358976,1.0,-0.3241135992996642,-0.5961473072917132,PV
1.0,1.0,0.0,0.0,0.625,0.13556338028169013,0.20355522801489184,0.06006809669731017,0.8780020747479005,0.715548512617073,0.763826094461316,-0.26830427172664667,-0.17998781061810668,PV
1.0,1.0,0.0,0.0,0.625,0.13556338028169013,0.15476296362180914,0.055088819226750255,0.7927421883141206,0.7987764988929628,0.8117139887025404,-0.035991202242131065,0.36148629679837635,PV
1.0,1.0,0.0,0.0,0.625,0.2517605633802817,0.16614782531352842,0.061368503017325285,0.7907538554377525,0.6600371110284928,0.797031065457974,-0.357038077956019,-0.36185958009319025,PV
1.0,1.0,0.0,0.0,0.875,0.2605633802816902,0.14490175529508215,0.05389766358541377,0.7392778487398373,0.7903671468397571,0.778669009816999,-0.30467499855663505,-0.4039062977176341,PV
1.0,1.0,0.0,0.0,0.5,0.24295774647887325,0.1874944409855021,0.05773676039330688,0.7313073068752385,0.6487859025769244,0.731312011112379,-0.21164864900946811,0.23657619885417885,PV
1.0,1.0,0.0,0.0,0.625,0.4242957746478873,0.25580361113581784,0.06599443671766342,0.6911673981082498,0.6164547969863092,0.6683375190770855,0.06838932737989818,0.5341389839752406,PV
0.0,1.0,0.0,0.0,0.375,0.47711267605633806,0.006145237844962119,0.10837320574162677,0.48599952673403796,0.49630007832354006,0.47830691220671645,-0.10613252709318638,-1.675164215098731,EXC
0.0,1.0,0.0,0.0,0.375,0.5334507042253522,0.0014231077114649116,0.10795454545454546,0.4459906838121966,0.7049368754285904,0.37355126553282453,-0.19645679570596233,-2.0585081224338233,EXC
1.0,1.0,0.0,0.0,0.625,0.24119718309859156,0.08798267270205366,0.05655737704918033,0.7470319435210828,0.707453113952544,0.7512128318482916,-0.21905321661886035,-0.5885145986469914,PV
1.0,1.0,0.0,0.0,0.375,0.4876760563380282,0.01823356755314418,0.09490022172949003,0.2447915544192007,0.4830072481933224,0.20681362744622211,-0.047040076570476076,0.941719243903925,SST
1.0,0.0,1.0,0.0,0.375,0.6091549295774648,0.03853064128791248,0.12817929992445232,0.2322962682512486,0.20649530517940978,0.21553544125164514,-0.45352081523263005,0.7576667112998098,SST
1.0,0.0,1.0,0.0,0.75,0.573943661971831,0.18051811948690782,0.048492638466931526,0.5683054185341567,0.6855701523912552,0.5152005879092263,-0.45734318025803933,-0.38293619479992497,SST
1.0,0.0,1.0,0.0,0.75,0.573943661971831,0.13575113403895758,0.048447621174893894,0.6085070546177123,0.6056728593223063,0.615497463646445,-0.3616326548975895,-0.5856994237604429,SST
1.0,0.0,1.0,0.0,0.375,0.6443661971830985,0.01814462332117762,0.08342245989304815,0.24672024300835615,0.34777774402409894,0.20915047562108552,-0.8692097661533811,-0.8741758775525325,SST
1.0,0.0,1.0,0.0,0.375,0.6443661971830985,0.01643689406741973,0.08406139315230228,0.25402425002030266,0.32175393308457984,0.25566483298471926,-0.9264998360305045,-1.0673396136396445,SST
1.0,0.0,1.0,0.0,0.375,0.6443661971830985,0.030418927332562486,0.08742690058479533,0.20030914371149144,0.3437872675843452,0.18528722227825736,-0.844459368165525,-0.24107885001257767,SST
0.0,1.0,0.0,0.0,0.5,0.48943661971830993,0.0026683269589967092,0.1127272727272727,0.6204148069715363,0.6784525977582292,0.5998744097859332,-0.15421169157960685,-2.49321012600732,EXC
0.0,1.0,0.0,0.0,0.5,0.48943661971830993,0.003024103886862937,0.10962566844919784,0.5971122864004572,0.6753395232155137,0.6003936590910703,-0.16248021114067596,-2.945153194904383,EXC
1.0,1.0,0.0,0.0,0.25,0.2200704225352113,0.015654184826114026,0.11224173553719008,0.2437873513044978,0.23358518347537677,0.23129502754393805,-0.2851305851575203,0.6038738226829087,SST
1.0,1.0,0.0,0.0,0.25,0.2200704225352113,0.017788846393311394,0.11736363636363636,0.27355627471708427,0.22784514222251223,0.25823409267352376,-0.17009282907281087,0.7765749128336753,SST
1.0,1.0,0.0,0.0,0.5,0.2605633802816902,0.03719961701660118,0.09067894131185268,0.39633723336762366,0.7643304915214857,0.37582927518393616,-0.07113025959370743,0.3786254211374178,SST
1.0,1.0,0.0,0.0,0.625,0.2007042253521127,0.037267633193987376,0.06791060967671946,0.5665847544550346,0.6378090101203525,0.5803508158365849,-0.17278655066542484,-0.20789921504113001,SST
1.0,1.0,0.0,0.0,0.625,0.23943661971830987,0.0074024554346360325,0.07420718816067653,0.22573829841606097,0.20142094134614158,0.21246779881098654,-0.3477403990653401,0.10906267387077259,SST
1.0,0.0,1.0,0.0,0.5,0.596830985915493,0.16254558391888285,0.06838701654023131,0.3679432802834886,0.6554660534429796,0.321574214644829,-0.10039036161358675,1.191164967331635,PV
1.0,0.0,1.0,0.0,0.5,0.596830985915493,0.14764742506448458,0.06650602409638555,0.45434935366648616,0.6377712901950938,0.43668205157913875,-0.059886884885002156,1.044962101505589,PV
1.0,0.0,1.0,0.0,0.75,0.6179577464788732,0.13306057102196925,0.042397909577053965,0.5528544181831467,0.7139543950076237,0.5581796914259105,-0.530684062894771,-0.4651193156048172,PV
1.0,0.0,1.0,0.0,0.75,0.6179577464788732,0.26629903050787157,0.04305580858687071,0.5492234457469429,0.9999999999999999,0.4188905129080965,-0.3745601081155772,-0.08157090759095487,PV
1.0,0.0,1.0,0.0,0.375,0.5774647887323945,0.041649103403470375,0.08240060774879718,0.2516896473542817,0.49327237330161733,0.21074243596286374,-0.435973491352107,0.295039986809645,SST
1.0,0.0,1.0,0.0,0.5,0.42957746478873243,0.029573957128880196,0.07850307587149695,0.24885752773397002,0.42955228211849905,0.22792210098789134,-0.5788917084993304,-0.3560925383025001,SST
1.0,0.0,1.0,0.0,0.375,0.7535211267605635,0.04432387559666756,0.0803587716631195,0.23991802035733395,0.3463819987526495,0.2245154522722655,-0.486114701212866,0.3296443679566049,SST
1.0,0.0,1.0,0.0,0.5,0.6549295774647887,0.0031765797130913205,0.053818181818181814,0.23379374626892602,0.2743488856069943,0.24184161737698662,-0.43597078670094336,-0.43018245301259767,SST
1.0,0.0,1.0,0.0,0.375,0.6390845070422535,0.0024142005819494036,0.05885167464114832,0.2378786468001376,0.20948033479471423,0.20232925594467494,-0.5912078397859022,-1.4870734245150183,SST
1.0,0.0,1.0,0.0,0.375,0.6390845070422535,0.0014367914394597665,0.06103896103896104,0.22049030289768368,0.2590076145925671,0.20313343519687926,-0.5660911235749818,-0.9831668394636652,SST
1.0,0.0,1.0,0.0,0.25,0.551056338028169,0.00471404429422752,0.16552315608919388,0.46671739065520673,0.36005077497601284,0.4266832791148923,-0.1801727740219188,-1.551827166541227,EXC
1.0,0.0,1.0,0.0,0.25,0.551056338028169,0.003646713510628836,0.15875831485587585,0.47949832016996835,0.4490714930723786,0.45547057825670983,-0.00795036299636414,-1.218284519353256,EXC
1.0,0.0,1.0,0.0,0.25,0.5774647887323945,0.02761718402561594,0.15401844532279313,0.3932535406665207,0.559786898710467,0.4001276295437702,0.08017264302807783,0.468327373397996,EXC
1.0,0.0,1.0,0.0,0.25,0.5774647887323945,0.020724006048207774,0.15493562231759658,0.4075313362705285,0.5084173271479857,0.41391112292713367,0.17503461651030133,0.36678714032303866,EXC
1.0,0.0,1.0,0.0,0.25,0.5774647887323945,0.018411456017077294,0.17628458498023716,0.4282363290676147,0.359637078351667,0.45079371398251117,-0.10177730563234487,0.10368342395441445,EXC
1.0,0.0,1.0,0.0,0.25,0.5862676056338028,0.00028087652199965357,0.15454545454545454,0.35578115334922167,0.40671942261198757,0.33696261061528116,-0.2312888013716893,-2.4581570222745626,EXC
1.0,0.0,1.0,0.0,0.5,0.5897887323943662,0.005757968700992899,0.15454545454545457,0.4602668027980142,0.4725463893503461,0.41462073940441735,0.017723616919000557,-1.1590540668589657,EXC
1.0,0.0,1.0,0.0,0.25,0.7095070422535212,0.0035577692786622787,0.20702479338842972,0.33573175818225287,0.24816505235272468,0.30886459187382187,0.004156704241167292,-0.5525558621374694,EXC
1.0,0.0,1.0,0.0,0.25,0.7095070422535212,0.0056034866138930895,0.1988455988455988,0.3286059035053837,0.290854020289841,0.2990377000820198,0.07655279489489043,0.005256009664296183,EXC
1.0,0.0,1.0,0.0,0.25,0.7095070422535212,0.005158765454060304,0.19608150470219435,0.3231981640087839,0.2846677027123495,0.29417022313621133,0.08838275921595605,-0.060845893940297296,EXC
1.0,0.0,1.0,0.0,0.25,0.7095070422535212,0.0039135462065285065,0.1933884297520661,0.36269579711166633,0.3225910752208641,0.323682593728171,0.11630629023568255,-0.4315811266812342,EXC
1.0,0.0,1.0,0.0,0.5,0.6038732394366197,0.0017788846393311394,0.10909090909090909,0.48262485453277987,0.5139059991422864,0.4037070176269986,-0.22253004366322623,-2.952857222725452,EXC
1.0,0.0,1.0,0.0,0.25,0.5598591549295775,0.029084763853064133,0.17867667500695025,0.5057305422726963,0.5321625113506157,0.48783177032086417,0.01302055810297426,-0.08473272728039602,EXC
1.0,0.0,1.0,0.0,0.375,0.6109154929577465,0.011918527083518635,0.1208955223880597,0.5302877114820632,0.466175813661482,0.5716743200383405,-0.20316451263371654,-1.6272702245878232,EXC
1.0,0.0,1.0,0.0,0.375,0.619718309859155,0.012719025171217648,0.13032422123331214,0.3496260981763629,0.3682449574724951,0.33017368213461934,0.12848236663580082,0.03446172428854046,EXC
1.0,0.0,1.0,0.0,0.375,0.619718309859155,0.019567731032642532,0.12434259954921112,0.37786969389910724,0.42068516944062095,0.3447043639338137,-0.03622999293761933,-0.11669487397828189,EXC
1.0,0.0,1.0,0.0,0.375,0.619718309859155,0.006937650093391444,0.16491841491841497,0.29910130406022817,0.2809063912684911,0.2927684277990288,0.20967128301819446,0.22181179816501592,EXC
1.0,1.0,0.0,0.0,0.5,0.30281690140845074,0.08034962078776607,0.05753052917232022,0.7177218072827865,0.5591459024437163,0.7323146597436287,-0.6748713731072241,-1.2380032824618692,PV
1.0,1.0,0.0,0.0,0.5,0.15492957746478875,0.15538557324557503,0.10581256179424466,0.5499769928184146,0.8565012305917625,0.49352630848202933,0.4033357304635611,1.8835065333232306,PV
1.0,1.0,0.0,0.0,0.5,0.15492957746478875,0.16748198879302678,0.11361463814995414,0.45351622809923015,0.9666062928644131,0.41588167089110023,0.29897237504993684,1.8701352510333051,PV
1.0,1.0,0.0,0.0,0.5,0.29401408450704225,0.06184240128498256,0.04882325796031379,0.57845007934836,0.6163930146313616,0.586323796656484,-0.4112356937628985,-0.7401638428855896,PV
1.0,0.0,1.0,0.0,0.5,0.5950704225352113,0.007171128702303656,0.12621564482029599,0.4831966180235547,0.3974259887129913,0.4348342150101637,-0.1433935332810236,-1.5010167592371335,EXC
0.0,0.0,0.0,1.0,0.25,0.8327464788732395,0.029173708085030687,0.18569844789356985,0.6055298041163553,0.3294639003846414,0.6427636250867883,-0.3715359734112449,-0.2976098776545363,EXC
0.0,0.0,0.0,1.0,0.25,0.8327464788732395,0.01734412523347861,0.17645687645687647,0.6044164162545076,0.2946498686561213,0.5915077973559746,-0.2026718567559506,-0.3061032351412894,EXC
1.0,1.0,0.0,0.0,0.5,0.1267605633802817,0.02027928488837499,0.08488835725677833,0.38941048587787597,0.5176822495216405,0.3248347844442515,-0.16020028297806305,-0.008535841495230298,SST
1.0,1.0,0.0,0.0,0.25,0.12323943661971831,0.0669750066708174,0.1255825184112037,0.32681995693732113,0.28773696625683637,0.28257383951161835,-0.2245456133151074,1.1439517075059724,SST
1.0,1.0,0.0,0.0,0.25,0.17957746478873243,0.028284265765365118,0.08364779874213837,0.3397554985365784,0.21738818166586105,0.3825271829378604,-0.2461120697166081,0.7234505849681641,SST
1.0,1.0,0.0,0.0,0.25,0.17957746478873243,0.03593346971448902,0.08971647164716473,0.27366998975695034,0.25550689051178715,0.2690853448286902,-0.09119717562612495,1.1738908768435694,SST
1.0,1.0,0.0,0.0,0.375,0.4876760563380282,0.009156023878910277,0.06077922077922077,0.18722174640692524,0.37429549727795464,0.1730209165200481,-0.7989194776316276,-0.7758199777282946,SST
1.0,0.0,1.0,0.0,0.5,0.5933098591549295,0.041625900560348664,0.07072261072261073,0.25138199773372216,0.41873341676186626,0.1966668230261736,-0.4155431181580958,0.35287653558282733,SST
1.0,0.0,1.0,0.0,0.5,0.6514084507042255,0.039135462065285065,0.07553719008264465,0.24378938748315748,0.41806387661639244,0.19924164788373755,-0.6382870582064102,-0.19098779105461677,SST
1.0,0.0,1.0,0.0,0.5,0.6514084507042255,0.038850840522992085,0.07357642357642358,0.2510884499021927,0.42137397286615286,0.23282073222705957,-0.6117919936248258,-0.18564468650326815,SST
0.0,0.0,1.0,0.0,0.375,0.6390845070422535,0.04055856977674998,0.1702153110047847,0.47747531931566095,0.535004130791868,0.47385616756503585,0.1930753656467407,0.7574282754223918,EXC
0.0,0.0,1.0,0.0,0.375,0.6390845070422535,0.009517032820421597,0.14757858963466444,0.5251462324560603,0.3344107492054848,0.5584496975126059,0.23384418219646858,-0.2521351163330225,EXC
1.0,0.0,1.0,0.0,0.75,0.647887323943662,0.07538023659165703,0.04424778761061947,0.563238885379252,0.7597532280684208,0.5345155243843911,-0.2057689211291588,-0.6536550544018416,PV
1.0,0.0,1.0,0.0,0.75,0.647887323943662,1.0,0.06062357992447826,0.43964655425696303,0.36404838701710884,0.3832240663338588,-0.5703037260045566,0.41965381865878165,PV
1.0,1.0,0.0,0.0,1.0,0.5158450704225352,0.06738986334400449,0.0490803993694167,0.4163067280942105,0.7995539221130707,0.27912784024854637,-0.4936324059249636,-0.45667858461059563,PV
1.0,1.0,0.0,0.0,1.0,0.5158450704225352,0.13282338640339175,0.04862012987012986,0.4432787764636778,0.8303641071425671,0.27196579884471145,-0.4126636972658792,-0.11775872666968969,PV
1.0,0.0,1.0,0.0,0.875,0.6637323943661972,0.05087610068487059,0.03874761602034329,0.4417280041337425,0.7149173106497301,0.35269176947102227,-0.26886087972746725,-0.7670669730449169,PV
1.0,0.0,1.0,0.0,0.875,0.6637323943661972,0.08039410902267505,0.041736422036207914,0.5154437471737574,0.7233725716054572,0.3814678670851871,-0.12555618299555474,-0.31429520516351395,PV
1.0,0.0,1.0,0.0,0.625,0.630281690140845,0.07904918616027751,0.045799769850402766,0.4439487510147339,0.6152987193881729,0.42805130660507634,-0.2434207891289814,0.12043355711249544,PV
1.0,0.0,1.0,0.0,0.625,0.676056338028169,0.011118028995819623,0.05025454545454544,0.2590425152565094,0.3708460171165644,0.20351344325378834,-0.381159278740402,-0.4258397148002831,PV
1.0,0.0,1.0,0.0,0.625,0.5704225352112677,0.006504046962554479,0.05780885780885782,0.2827116333449518,0.5266181156804477,0.2495339073338707,-0.6555867684628853,-1.2833469559600321,SST
1.0,0.0,1.0,0.0,0.625,0.5704225352112677,0.011740638619585521,0.058608815426997245,0.3021001465806068,0.5542823454475294,0.2746936332038867,-0.5766448077285209,-0.9877775784310396,SST
1.0,0.0,1.0,0.0,0.375,0.6338028169014085,0.011740638619585521,0.0856749311294766,0.26674563254084793,0.15249682622387006,0.20545648716353437,-0.06469418245616926,0.9594559516348911,SST
1.0,1.0,0.0,0.0,0.5,0.18838028169014087,0.1852335359922877,0.17805001689760053,0.901958015826253,0.7687444212446521,0.5687797196446454,0.7183428365799144,2.646256362719596,VIP
1.0,1.0,0.0,0.0,0.5,0.18838028169014087,0.10926798897091525,0.20738150738150735,0.9226859188067376,0.7998652853552752,0.5911617955994772,0.9138851923985628,3.2916307229889936,VIP
1.0,1.0,0.0,0.0,0.25,0.1461267605633803,0.14286984917599524,0.11157465799941786,0.469707588949464,0.5635302332089169,0.42887168109080365,0.07557740430177992,1.6029836038265288,VIP
1.0,0.0,1.0,0.0,0.5,0.4471830985915493,0.0053366539179934185,0.12609970674486803,0.4531029137144225,0.35523469715007383,0.42330206528655323,-0.1912696763153914,-2.230034570616425,EXC
1.0,0.0,1.0,0.0,0.5,0.4471830985915493,0.007560259717157344,0.14427807486631014,0.5313170250955359,0.41560032475631703,0.4440829765745912,-0.06749021051390047,-1.7068810574132907,EXC
1.0,0.0,1.0,0.0,0.5,0.517605633802817,0.002579382727030152,0.1576802507836991,0.33980854790914117,0.34179905625808693,0.32609186289413516,-0.2869569252421445,-1.7526759793168325,EXC
1.0,0.0,1.0,0.0,0.5,0.517605633802817,0.003468825046695722,0.15734265734265734,0.3144492994049396,0.3659402771555034,0.2637599833152158,-0.048082301127072395,-0.7096237246686842,EXC
1.0,0.0,1.0,0.0,0.375,0.4982394366197183,0.0050698212220937474,0.15853269537480064,0.5247699813075066,0.4628916777363622,0.5413156168838276,0.6004686337692996,-0.31744579038798404,EXC
1.0,0.0,1.0,0.0,0.375,0.4982394366197183,0.004536155830294405,0.14991087344028522,0.4903742961097853,0.494498757006566,0.4964928270758347,0.6866821131833408,-0.1534805468165816,EXC
1.0,0.0,1.0,0.0,0.375,0.6390845070422535,0.011206973227786179,0.1429292929292929,0.5382854629124889,0.34270445788996945,0.47573006110185573,0.09636834934413833,-0.8092138551043175,EXC
1.0,0.0,1.0,0.0,0.25,0.5897887323943662,0.00991092870484492,0.18059440559440557,0.42394602022409716,0.661204518215342,0.37926677260514324,-0.2054081618864318,-0.41725555838054673,EXC
1.0,0.0,1.0,0.0,0.625,0.5158450704225352,0.004669572178244241,0.11071428571428572,0.4964767111567003,0.49062711957539507,0.46777150105590054,-0.20378308866333156,-1.9571947898301758,EXC
1.0,1.0,0.0,0.0,0.125,0.04401408450704225,0.010317530908120608,0.12625391849529782,0.3234933650817601,0.2317678145526036,0.3367585879062826,-0.48788743834446696,-0.5337105949085107,VIP
1.0,1.0,0.0,0.0,0.125,0.04401408450704225,0.021346615671973674,0.13787878787878788,0.31308448000693306,0.2744265630995995,0.29464716071548785,-0.5546074213021605,-0.33714341798463676,VIP
1.0,1.0,0.0,0.0,0.125,0.04401408450704225,0.025704883038334965,0.14800251651462723,0.33556691778083236,0.2907643288900017,0.3450440288820548,-0.6081333176397986,-0.33884730279546293,VIP
1.0,1.0,0.0,0.0,0.125,0.04401408450704225,0.04874143911767322,0.14177173191771733,0.25969305711423357,0.38608372478602576,0.24996279336865462,-0.6930181227342697,-0.1296313579071606,VIP
1.0,1.0,0.0,0.0,0.125,0.04401408450704225,0.06021524504135907,0.1464348059621324,0.25555620927107986,0.42350794820974436,0.24497094732505503,-0.6489167033320147,0.05590372830683019,VIP
1.0,1.0,0.0,0.0,0.125,0.13732394366197187,0.006937650093391444,0.1766899766899767,0.14368415200925883,0.13436806271197677,0.09724500513385279,-0.2749345278127167,0.8900907457153086,VIP
1.0,1.0,0.0,0.0,0.125,0.13732394366197187,0.03753446588988704,0.16665230504093062,0.21567371025666116,0.316074412256757,0.17116597972409472,-0.06035327548931342,1.5168233059566745,VIP
1.0,1.0,0.0,0.0,0.125,0.13732394366197187,0.04518366983901095,0.16678596993557623,0.22069496514803694,0.33457355322587445,0.17392032245829844,-0.008039522577527504,1.6260026992263534,VIP
1.0,1.0,0.0,0.0,0.125,0.13732394366197187,0.05523436805123188,0.1838676621285317,0.24939417530996466,0.3808860336928735,0.20154835694777756,0.06386759720159794,1.8295063017109554,VIP
1.0,1.0,0.0,0.0,0.125,0.13732394366197187,0.04642888908654274,0.1769592476489028,0.25162415832084783,0.3604716978504366,0.2008495485038041,-0.008260861239089019,1.6040154709486505,VIP
1.0,1.0,0.0,0.0,0.125,0.02288732394366197,0.0,0.0,0.017676858901818762,0.0010329486770563195,0.0,3.5844000632510205,-0.8826140770440987,VIP
1.0,1.0,0.0,0.0,0.125,0.02288732394366197,0.0005336653917993419,0.10303030303030301,0.10975842870503022,0.05910361388680972,0.09489418430348068,-0.5518650281811701,-1.029956102164405,VIP
1.0,1.0,0.0,0.0,0.125,0.02288732394366197,0.023925998399003827,0.12037850625211222,0.2769458190876938,0.21670115432002246,0.279991404508786,-0.517066369377882,-0.41190382791821917,VIP
1.0,1.0,0.0,0.0,0.125,0.02288732394366197,0.04687361024637553,0.1374331550802139,0.26961794143300555,0.32492668524587315,0.2723479090428722,-0.4730406817859702,0.19961082389439289,VIP
1.0,1.0,0.0,0.0,0.125,0.02816901408450706,0.0,0.0,0.0,0.01396277557114542,0.013252271679840943,3.5844000632510205,-0.16959255497398334,VIP
1.0,1.0,0.0,0.0,0.125,0.02816901408450706,0.0,0.0,0.03220735469315979,0.04819023228715248,0.05169410644186001,3.5844000632510205,-0.10234882967467322,VIP
1.0,1.0,0.0,0.0,0.125,0.02816901408450706,0.0,0.0,0.03574220344272437,0.06405782226385627,0.04712675479979794,3.5844000632510205,-0.011115058709476718,VIP
1.0,1.0,0.0,0.0,0.125,0.02816901408450706,0.0,0.0,0.018600632068716913,0.05269446835198684,0.023941826814119896,3.5844000632510205,0.21963621879754266,VIP
1.0,1.0,0.0,0.0,0.125,0.02816901408450706,0.0,0.0,0.05401849468369832,0.07146841242970385,0.055371700908166704,3.5844000632510205,0.12490904964652844,VIP
1.0,1.0,0.0,0.0,0.125,0.02816901408450706,0.0,0.0,0.05846611860897319,0.07355538070747576,0.06912921856826829,3.5844000632510205,0.10515455206244752,VIP
1.0,1.0,0.0,0.0,0.125,0.02816901408450706,0.0,0.0,0.035914896891488066,0.06493118236594737,0.030866154508094976,3.5844000632510205,0.0446892145118324,VIP
1.0,1.0,0.0,0.0,0.125,0.02816901408450706,0.0,0.0,0.07435172871024631,0.07111609256349428,0.06801195542091679,3.5844000632510205,0.24119117041492072,VIP
1.0,1.0,0.0,0.0,0.125,0.02816901408450706,0.0,0.0,0.03780509447237736,0.058159388203639376,0.03632823068135295,3.5844000632510205,0.16601256720945826,VIP
1.0,1.0,0.0,0.0,0.125,0.02816901408450706,0.0,0.0,0.04243060701330925,0.056437788450609525,0.04807645953054998,3.5844000632510205,0.36853699611913865,VIP
1.0,1.0,0.0,0.0,0.125,0.02816901408450706,0.0,0.0,0.04565215681324719,0.056627871814717276,0.046867613462743776,3.5844000632510205,0.5427772798314281,VIP
1.0,1.0,0.0,0.0,0.125,0.02816901408450706,0.0,0.0,0.05033254877560442,0.04931786080310736,0.047777871959414284,3.5844000632510205,0.7397690771101514,VIP
1.0,1.0,0.0,0.0,0.125,0.02816901408450706,0.0,0.0,0.041864337734986684,0.05606910741229616,0.047667400061429166,3.5844000632510205,1.1336566890136013,VIP
1.0,1.0,0.0,0.0,0.125,0.02816901408450706,0.00026683269589967095,0.09696969696969697,0.05584789712506211,0.06987101607201728,0.046458156485278665,0.3188384945628346,1.2315352491287082,VIP
1.0,1.0,0.0,0.0,0.125,0.02816901408450706,0.0,0.0,0.05680563925938095,0.05480286188136409,0.04300459077330045,3.5844000632510205,1.3648923011891914,VIP
1.0,1.0,0.0,0.0,0.125,0.02816901408450706,0.00017788846393311395,0.09545454545454546,0.06477423684771746,0.056673473621266304,0.05192615180102143,0.26510558155263503,1.5650029192520953,VIP
1.0,1.0,0.0,0.0,0.125,0.054577464788732405,0.006048207773725874,0.1144385026737968,0.20617009283636123,0.14418001210187636,0.1748364860534957,-0.7721434720411368,-0.5932691328890004,VIP
1.0,1.0,0.0,0.0,0.125,0.054577464788732405,0.04020279284888375,0.1316975060337892,0.20887909499559065,0.29995054340791005,0.17802879809546138,-0.6330943792920259,0.37514741184830597,VIP
1.0,1.0,0.0,0.0,0.125,0.054577464788732405,0.0452726140709775,0.13534559742811217,0.2261145713438245,0.33499733395670983,0.18709024462073173,-0.646314093028215,0.3407848614557128,VIP
1.0,1.0,0.0,0.0,0.125,0.054577464788732405,0.05745797385039581,0.14719954967632987,0.1992475244814899,0.4031742525902744,0.1372368651628861,-0.5461349508343086,0.6388364095536535,VIP
1.0,1.0,0.0,0.0,0.125,0.05809859154929578,0.007827092413057013,0.12840909090909092,0.21884706354380262,0.16053699019098844,0.15302381028244844,-0.7261768997246162,-0.52612205547706,VIP
1.0,1.0,0.0,0.0,0.125,0.05809859154929578,0.04980876990127191,0.14673701298701297,0.36825588564053935,0.29874947542437646,0.3274850188622184,-0.6338470660069395,0.13679338119454537,VIP
1.0,1.0,0.0,0.0,0.125,0.05809859154929578,0.07907142221826916,0.1637079455977094,0.40924860325404344,0.3524474435075758,0.3756801545532531,-0.5753627782497588,0.3957811790433617,VIP
1.0,1.0,0.0,0.0,0.125,0.09859154929577468,0.019211954104776306,0.20412457912457913,0.4599517145567958,0.22066055389953343,0.4278456792335408,-0.2678843853832918,0.09090822890177513,VIP
1.0,1.0,0.0,0.0,0.125,0.09859154929577468,0.030507871564529044,0.25139146567717996,0.5266053790302263,0.2437951876468492,0.4740417944685406,-0.2047171928927349,0.24541039192161043,VIP
1.0,1.0,0.0,0.0,0.125,0.09859154929577468,0.028906875389131018,0.23801398601398602,0.5583304698315981,0.2472042223866905,0.5125192650879904,-0.2093983019331522,0.19596219599633516,VIP
1.0,1.0,0.0,0.0,0.125,0.09859154929577468,0.03290936582762608,0.2501228501228501,0.5098768066170474,0.23922019592381916,0.488464185043404,-0.2028336836707609,0.5283450107662776,VIP
1.0,1.0,0.0,0.0,0.125,0.09859154929577468,0.03904651783331851,0.22795609857113275,0.5584483023355145,0.2546914567479289,0.5116529629875497,-0.3170101357697916,0.20193951808476676,VIP
1.0,1.0,0.0,0.0,0.125,0.09330985915492956,0.015743129058080587,0.17406266050333846,0.48246986415342147,0.19654619720800476,0.32953176317295846,-0.11606701714923515,-0.32508851637820363,VIP
1.0,1.0,0.0,0.0,0.125,0.09330985915492956,0.02739482344569955,0.15805785123966942,0.5705123250918154,0.2561286754694341,0.38502867404514535,-0.09803597642767946,-0.012407131764749712,VIP
1.0,1.0,0.0,0.0,0.125,0.09330985915492956,0.030241038868629375,0.17280748663101603,0.564363510173864,0.2596068212535467,0.38575133061742783,-0.15575646672607996,-0.07948406357157196,VIP
1.0,1.0,0.0,0.0,0.125,0.09330985915492956,0.04393845059147914,0.21400441663599562,0.5296439230251015,0.277539804395919,0.3746572851939396,-0.17695246734400272,0.4935205664233282,VIP
1.0,1.0,0.0,0.0,0.125,0.09330985915492956,0.05025349106110469,0.1919871279163315,0.5300521340082978,0.33954505647958816,0.36495594658444325,-0.11655979012606624,0.6748067620181126,VIP
1.0,1.0,0.0,0.0,0.125,0.05809859154929578,0.006937650093391444,0.3889277389277391,0.6155619205847913,0.1505267231471717,0.5759638184841698,0.17190007625815923,-0.32288655845202086,VIP
1.0,1.0,0.0,0.0,0.125,0.05809859154929578,0.013074802099083876,0.4447124304267161,0.7007638068044475,0.15196927026225804,0.7358919202022185,0.29932094177751895,0.0776905374615739,VIP
1.0,1.0,0.0,0.0,0.125,0.05809859154929578,0.009161255892555368,0.4171226831421007,0.680251238666161,0.12684954138988525,0.626218021809553,0.3066628294662729,0.07618501111627855,VIP
1.0,1.0,0.0,0.0,0.125,0.05809859154929578,0.007293427021257672,0.4608647450110865,0.6369107252107971,0.12643271827771263,0.6203251786939776,0.3526321358821489,0.1873382852598899,VIP
1.0,1.0,0.0,0.0,0.125,0.05809859154929578,0.00791603664502357,0.48140960163432067,0.6717751461415404,0.1269477506647309,0.69414291140967,0.4015436901621005,0.28325792569675945,VIP
1.0,1.0,0.0,0.0,0.125,0.05809859154929578,0.007026594325358001,0.4856156501726123,0.6605884211862645,0.11581795981998048,0.6417257904896654,0.45910610177431316,0.3224515588850063,VIP
1.0,1.0,0.0,0.0,0.125,0.10563380281690143,0.00026683269589967095,0.13333333333333336,0.09230343517894565,0.12912706431434673,0.07337605105965334,-0.6249433913931318,-0.8117799478334413,VIP
1.0,1.0,0.0,0.0,0.125,0.08450704225352113,0.06715289513475052,0.17756773028296208,0.7224563338667689,0.47346074992798204,0.47264805644021396,0.20327617834266362,0.655218995693494,VIP
1.0,1.0,0.0,0.0,0.125,0.08450704225352113,0.08752112425509205,0.18325018477457503,0.6975021415527898,0.5276965323139232,0.4759305025055653,0.29138486603120906,1.1781386226081365,VIP
1.0,1.0,0.0,0.0,0.125,0.08450704225352113,0.08520857422396158,0.18928639210476372,0.7296062790537956,0.5302182595801974,0.46848320968361595,0.2907746766822663,1.1407097198739478,VIP
1.0,1.0,0.0,0.0,0.125,0.08450704225352113,0.05096504491683715,0.16872917658257972,0.6189099168090026,0.4737120367729012,0.4838836207886314,0.08878461188535501,0.5427607449525499,VIP
1.0,1.0,0.0,0.0,0.125,0.08450704225352113,0.0874321800231255,0.1957366133357995,0.7696684065611918,0.5114205008766731,0.5046506922350662,0.341522740274903,1.1985381146619125,VIP
1.0,1.0,0.0,0.0,0.125,0.08450704225352113,0.09961753980254381,0.22870129870129868,0.6284008583184217,0.546464273809322,0.47899440361448303,0.37659153036389925,1.8393434254028256,VIP
1.0,1.0,0.0,0.0,0.125,0.08450704225352113,0.12040849799265625,0.2748337028824834,0.7807714198741977,0.5930756240101898,0.48343161186254907,0.5810446352059496,2.158200496178364,VIP
1.0,1.0,0.0,0.0,0.625,0.10739436619718312,0.0,0.0,0.1797081501420592,0.32951189751497484,0.14991858976831027,3.5844000632510205,-1.9993157202084746,PV
1.0,1.0,0.0,0.0,0.625,0.10739436619718312,0.12060837854665127,0.062288817377312934,0.4561274142888912,0.7824245171861749,0.4965344192597145,-0.4245365579699232,0.030291167298518402,PV
1.0,1.0,0.0,0.0,0.625,0.10739436619718312,0.15102730587921376,0.0688885319627369,0.4582881506850793,0.807581447534957,0.4338726742945552,-0.5029951057370117,0.05247509361888116,PV
1.0,1.0,0.0,0.0,0.625,0.10739436619718312,0.1843813928666726,0.07021444546770163,0.37906512565631567,0.778976272358328,0.3729233204794081,-0.5122600558414061,0.1998800790760544,PV
1.0,1.0,0.0,0.0,0.625,0.10739436619718312,0.21506715289513476,0.07294157455447779,0.44668447112716797,0.7981003862942005,0.46126470499623157,-0.5498577263917942,0.12991802386783316,PV
1.0,1.0,0.0,0.0,0.625,0.10739436619718312,0.26122920928577786,0.07513232426409139,0.417692343819365,0.7188719249979187,0.38432358835583025,-0.5676381030023132,0.22170480709306925,PV
1.0,1.0,0.0,0.0,0.625,0.24611025924614005,0.1000622609623766,0.09689696969696969,0.4069154690774739,0.7824807599221066,0.39251714238004937,-0.21403003831785158,0.8463142990971589,PV
1.0,1.0,0.0,0.0,0.625,0.1602112676056338,0.06750867206261675,0.0792310456342077,0.48778891112921624,0.7550672497006237,0.5029232779390134,-0.48450774077997155,-0.34143123826566496,PV
1.0,1.0,0.0,0.0,0.625,0.1602112676056338,0.12220937472204928,0.09003572846367607,0.5050097060083152,0.8446976879667596,0.4945668235700141,-0.5398802898049552,-0.2161713084578851,PV
1.0,1.0,0.0,0.0,0.625,0.1602112676056338,0.1384861691719292,0.10313540024522681,0.5788817246893936,0.7977662149323833,0.5699634074548279,-0.6297191892620018,-0.47950015726354667,PV
1.0,1.0,0.0,0.0,0.625,0.1742957746478873,0.09792759939517924,0.06348773841961854,0.6017371947743833,0.6297458817179988,0.676267091866317,-0.4873846581117703,-0.1764173015345468,PV
1.0,1.0,0.0,0.0,0.625,0.1742957746478873,0.1641021079782976,0.07736881005173689,0.5162614518606028,0.6756590207386044,0.5101654821869839,-0.37975291633678565,0.560684951737541,PV
1.0,1.0,0.0,0.0,0.625,0.1742957746478873,0.20786267010584367,0.08355700781888202,0.5471469953552204,0.659407861438318,0.524059572351611,-0.4059588140561893,0.6228687807439658,PV
1.0,1.0,0.0,0.0,0.625,0.1742957746478873,0.23054344925731568,0.07671506734006736,0.4189398828970274,0.6453722576166369,0.41642723586852315,-0.32580576046879167,0.9166547984960743,PV
1.0,1.0,0.0,0.0,0.625,0.1742957746478873,0.19238637374366271,0.0765603328710125,0.5942023113837511,0.678576539389774,0.5733141957991557,-0.3169762195369956,0.5841934057521476,PV
1.0,1.0,0.0,0.0,0.625,0.16725352112676056,0.08378546651249667,0.07817023740590621,0.49069066177422854,0.7166890317968836,0.5140158629175464,-0.3948839908430867,0.11946060360576678,PV
1.0,1.0,0.0,0.0,0.625,0.16725352112676056,0.15262830205461178,0.06810235219326129,0.5254200950308283,0.7993650154913371,0.47260092122045433,-0.1903735133571059,0.603625338291214,PV
1.0,1.0,0.0,0.0,0.625,0.16725352112676056,0.14835897892021704,0.06723348593852191,0.4848210939105592,0.7943885937430359,0.38728399736785746,-0.149703491651252,0.7422522943795787,PV
1.0,1.0,0.0,0.0,0.625,0.16725352112676056,0.16463577337009697,0.07237365551790187,0.34980986225538757,0.7959083253053472,0.32255055972391616,-0.13325013398323332,1.0105458117991937,PV
1.0,1.0,0.0,0.0,0.625,0.16725352112676056,0.1753090812060838,0.07088695170886952,0.5026679326821291,0.805316687030258,0.4746618106006532,-0.06318127362490002,0.9008828905051587,PV
1.0,1.0,0.0,0.0,0.625,0.16725352112676056,0.21800231255003116,0.0780571937242684,0.5417022417228665,0.8041209158368468,0.547006952253493,0.027742401347629862,1.1627545930542857,PV
1.0,1.0,0.0,0.0,0.625,0.16725352112676056,0.2001245219247532,0.0744,0.41476384809633987,0.8084321746868914,0.3363266698664198,0.04384796548510208,1.3083101345896735,PV
1.0,1.0,0.0,0.0,0.625,0.16725352112676056,0.20599484123454595,0.07614225153085259,0.5997242346939522,0.762518257238319,0.6036455810048318,0.062339921823469015,1.0356449733725213,PV
1.0,1.0,0.0,0.0,0.625,0.16725352112676056,0.22894245308191766,0.07862894681076503,0.5667508965429964,0.7561376832438219,0.5340891388038684,0.12933638004632445,1.296901338209331,PV
1.0,1.0,0.0,0.0,0.625,0.23767605633802819,0.13101485368673843,0.06198852064432512,0.5117768191796077,0.6867447235976895,0.538834029883585,-0.6017457470920627,-0.2198173114072676,PV
1.0,1.0,0.0,0.0,0.625,0.23767605633802819,0.15983278484390287,0.06447108817726514,0.5054585694938278,0.6839987798061645,0.4759645500435033,-0.5970202655826324,-0.1324845877513925,PV
1.0,1.0,0.0,0.0,0.625,0.23767605633802819,0.19345370452726143,0.06931661442006269,0.4836474460576727,0.6750386399416004,0.47513829452929207,-0.5558752560193398,0.1375077728493288,PV
1.0,1.0,0.0,0.0,0.625,0.23767605633802819,0.20519434314684695,0.067797612010876,0.5533860882923389,0.631380315902864,0.4931265514882062,-0.517482863560772,0.13047742827034114,PV
1.0,1.0,0.0,0.0,0.625,0.23767605633802819,0.22013697411722852,0.07384022038567493,0.5268469306022103,0.6337002467060254,0.5294266855019454,-0.4446512118409305,0.33180830098892405,PV
1.0,1.0,0.0,0.0,0.625,0.23767605633802819,0.23908209552610513,0.07214894480519482,0.4503414853192233,0.6393501834107159,0.39172761699052555,-0.4607332018155574,0.48773854533325967,PV
1.0,1.0,0.0,0.0,0.625,0.23767605633802819,0.2855109846126479,0.07610875106202211,0.44720532323486023,0.6404998403039162,0.40777906931454044,-0.41337511966152946,0.6045377043394472,PV
1.0,1.0,0.0,0.0,0.625,0.23767605633802819,0.26122920928577786,0.07021079023121926,0.3833601710369857,0.6514759882702973,0.3314204638479577,-0.42435698459945903,0.6474110110855189,PV
1.0,1.0,0.0,0.0,0.625,0.23767605633802819,0.2892466423552433,0.07638376383763838,0.4300920965672554,0.6308857124484236,0.41238832452560464,-0.4607682899344625,0.5643278447813105,PV
1.0,1.0,0.0,0.0,0.625,0.23767605633802819,0.2799074979987548,0.07684374729179307,0.5614376771176428,0.608986189611592,0.6326128465285561,-0.4041686445017226,0.4128164163753595,PV
1.0,1.0,0.0,0.0,0.625,0.21757786867220985,0.15422929823000978,0.07343504246618433,0.4729096309372605,0.6449264266087686,0.5360508743384831,-0.5036783538483602,0.13099166094198766,PV
1.0,1.0,0.0,0.0,0.625,0.18904180748807742,0.38157075513652944,0.06895104895104895,0.5553895953965131,0.6008711002189341,0.5244901146644636,-0.09738417392401845,1.020300969248723,PV
1.0,1.0,0.0,0.0,0.625,0.20473455034951438,0.27830650182335676,0.06952845811906215,0.4728638775625143,0.6140529996501896,0.4837325427005797,-0.061515037327379514,1.1058667455111886,PV
1.0,1.0,0.0,0.0,0.625,0.1677397218630124,0.3234012274304012,0.0701995199519952,0.6504099673157777,0.5651441011317296,0.6804408497146968,0.007006826355321622,0.8985151121291725,PV
1.0,1.0,0.0,0.0,0.625,0.22180409041706084,0.12621186516054433,0.0724581971939266,0.5043008733907479,0.7154020148477461,0.504309332988973,-0.35783111191232747,0.2884568334045363,PV
1.0,1.0,0.0,0.0,0.625,0.1849047302562985,0.15583029440540783,0.06681195516811955,0.6857440190444672,0.6762150046231021,0.71622256278559,-0.2540796540430689,-0.00804751197049419,PV
1.0,1.0,0.0,0.0,0.625,0.22750467225574106,0.12914702481544071,0.06517655897821187,0.48085924616550885,0.7409093966001566,0.47541683970185716,-0.23731454174302216,0.5103331729836196,PV
1.0,1.0,0.0,0.0,0.625,0.20923000701837774,0.15636395979720716,0.06334160719826248,0.5713523358432055,0.7144529124412022,0.5282419322628178,-0.246610432430493,0.4000176500757613,PV
1.0,1.0,0.0,0.0,0.625,0.21379423126342922,0.16196744641110025,0.06910289051969447,0.519699858457999,0.6932938948760609,0.5375630873585495,-0.22620608453481175,0.5725835654368214,PV
1.0,1.0,0.0,0.0,0.625,0.21346707877933402,0.15182780396691276,0.062342227192842305,0.5390750337712442,0.7152453245826088,0.5193650494849507,-0.17942107479736197,0.5688101322387439,PV
1.0,1.0,0.0,0.0,0.625,0.20002149289716847,0.1568976251890065,0.06750154607297465,0.6201339344637584,0.7104584979066565,0.5864598012137845,-0.16293327529219398,0.5088223795069812,PV
1.0,1.0,0.0,0.0,0.625,0.19088587138870888,0.27617184025615943,0.0673078612209047,0.5195401970002949,0.5743348415295604,0.5059393952396174,-0.03181046685895311,1.088657526200916,PV
1.0,1.0,0.0,0.0,0.625,0.19779383707717663,0.2569598861513831,0.06740300198244123,0.5455006845791257,0.6336078582898875,0.4682873879494183,-0.1259476418302176,0.8789562973813944,PV
1.0,1.0,0.0,0.0,0.625,0.1856278915078044,0.22333896646802456,0.06604757249918541,0.6570747190894166,0.6648261101575783,0.6690296119254602,-0.12487042083645064,0.5398071169059502,PV
1.0,1.0,0.0,0.0,0.625,0.1809198201294812,0.357555812505559,0.07483039348710992,0.6078332893118863,0.5907514048864206,0.5914356061359631,-0.15265654821140484,0.9016643684902739,PV
1.0,1.0,0.0,0.0,0.625,0.17434983824046935,0.3458151738859735,0.07176627384960718,0.6504165046225698,0.5922038417371039,0.6285533730367818,-0.14757492713066378,0.7566563782251852,PV
1.0,1.0,0.0,0.0,0.625,0.19014084507042256,0.12888019211954105,0.05170336909467343,0.6255710439918225,0.5671048123164136,0.7087037533882892,-0.2643125947172,0.1449601502700039,PV
1.0,1.0,0.0,0.0,0.625,0.19014084507042256,0.2654985324201726,0.05241662859753311,0.48337300944405986,0.5959960064097766,0.4108156815069419,-0.24042855815157693,0.7352700297824,PV
1.0,1.0,0.0,0.0,0.625,0.19014084507042256,0.1633016098905986,0.051218062982768854,0.6357310806011376,0.606484920302733,0.6930737430626102,-0.14873968161938392,0.4266286459169254,PV
1.0,1.0,0.0,0.0,0.625,0.20950704225352113,0.10112959174597527,0.059918445670424564,0.37937743330599405,0.7005935205703507,0.35606940083404964,-0.4871683219662474,0.17520091979148653,PV
1.0,1.0,0.0,0.0,0.625,0.20950704225352113,0.1384861691719292,0.0630232965493081,0.43866622439046904,0.7623437901124196,0.4579468883934445,-0.40637928865645506,0.3358427651659281,PV
1.0,1.0,0.0,0.0,0.625,0.20950704225352113,0.16383527528239794,0.06600533017471127,0.5275392299539727,0.7532354043099665,0.4834761877335327,-0.33378001407946173,0.3697922555951065,PV
1.0,1.0,0.0,0.0,0.625,0.20950704225352113,0.189718046784666,0.07207518220176448,0.5545895488822132,0.7436545282095295,0.5605005745429608,-0.3438594227391564,0.4306815040169959,PV
1.0,1.0,0.0,0.0,0.625,0.20950704225352113,0.20145868540425155,0.0712462372065021,0.5277902079449608,0.7239401522157802,0.5295560335734943,-0.2530790334045986,0.6567932310506276,PV
1.0,1.0,0.0,0.0,0.625,0.20950704225352113,0.22627412612292094,0.07542881646655233,0.5870850623843171,0.7214361643569543,0.6307045798910258,-0.26407074385637375,0.5419327901635933,PV
1.0,1.0,0.0,0.0,0.625,0.20950704225352113,0.20893000088944233,0.07913618948101708,0.474546476445216,0.6879424203398823,0.4338712148421431,-0.24850257847974352,0.7583985553040739,PV
1.0,1.0,0.0,0.0,0.625,0.20950704225352113,0.27056835364226633,0.08197059350905506,0.5964933796878706,0.6448300115660838,0.5777482084505301,-0.25246571915151006,0.640410214968192,PV
1.0,1.0,0.0,0.0,0.625,0.20950704225352113,0.32073290047140446,0.08491151111783392,0.40721958983023415,0.6312677363758001,0.36479984661013726,-0.3175205855724081,0.977851938086862,PV
1.0,1.0,0.0,0.0,0.625,0.20950704225352113,0.4266654807435738,0.08231280914207746,0.5787648197408855,0.5570712926186498,0.6119613969962725,-0.08309281720816,1.2006865607084136,PV
1.0,1.0,0.0,0.0,0.625,0.20950704225352113,0.4127901805567909,0.08732444026561674,0.5596570106149574,0.5439992656876189,0.5365390703247088,-0.1593674182317866,1.0938623799816867,PV
1.0,1.0,0.0,0.0,0.625,0.20422535211267606,0.1320821844703371,0.0667584940312213,0.6176160191592257,0.7091496636610464,0.41097915504662014,-0.12528181506414435,0.21612257142825844,PV
1.0,1.0,0.0,0.0,0.625,0.20422535211267606,0.07311215867650983,0.06333775713337758,0.5724335576408146,0.5535418439807782,0.3675447904156222,0.00867531532754246,0.1826199307102812,PV
1.0,1.0,0.0,0.0,0.625,0.20422535211267606,0.11740638619585521,0.055805785123966924,0.5871834772722677,0.8517001537969513,0.5396959707315214,0.21891194946893022,0.7073749373420634,PV
1.0,1.0,0.0,0.0,0.5,0.1109154929577465,0.0,0.0,0.027662745536393016,0.0,0.03661199987283109,3.5844000632510205,-1.0295750209121601,SST
1.0,1.0,0.0,0.0,0.5,0.1109154929577465,0.002401494263097038,0.11111111111111112,0.24730278898289482,0.16030447762027705,0.23974569752117297,-0.5976016744374512,-0.6548415123471449,SST
1.0,1.0,0.0,0.0,0.5,0.1109154929577465,0.004002490438495064,0.1187878787878788,0.30099857833438665,0.2357931837296699,0.24471143559289432,-0.7497043994482905,-0.777494471637505,SST
1.0,1.0,0.0,0.0,0.5,0.13908450704225356,0.04936404874143912,0.1303685503685504,0.23709665012324438,0.10808614363553966,0.20380483129795185,-0.18322806671347658,1.3793760049479777,SST
1.0,1.0,0.0,0.0,0.5,0.13908450704225356,0.030418927332562486,0.15430622009569372,0.32034167024430243,0.14994023631888254,0.2756389713468865,-0.1739154789870307,0.8808753022713186,SST
1.0,1.0,0.0,0.0,0.5,0.13908450704225356,0.01947878680067598,0.15080946450809463,0.3105415359167403,0.13035535107535795,0.21681664705738463,-0.3341267962674319,0.6238066845416003,SST
1.0,1.0,0.0,0.0,0.5,0.13908450704225356,0.01947878680067598,0.13661270236612705,0.2995475246174175,0.1450596971861055,0.2387070665884114,-0.43175261268128473,0.31503959702900547,SST
1.0,1.0,0.0,0.0,0.5,0.18838028169014087,0.03522191585875656,0.11756198347107437,0.24339896213110468,0.19937252796723337,0.22871405203624312,-0.352212667466025,0.5821686375161762,SST
1.0,1.0,0.0,0.0,0.5,0.18838028169014087,0.03335408698745886,0.128,0.2876779587467017,0.2521029032315356,0.22752621413523627,-0.3260581316482187,0.5955488565458041,SST
1.0,1.0,0.0,0.0,0.5,0.198943661971831,0.0,0.0,0.04461094940455032,0.1180248050963028,0.04766239697364191,3.5844000632510205,-2.6360926005647434,SST
1.0,1.0,0.0,0.0,0.5,0.198943661971831,0.0021346615671973676,0.2193181818181818,0.2673639959455392,0.5155471353944769,0.2366080512177749,-0.7706051221279009,-1.7300875104982072,SST
1.0,1.0,0.0,0.0,0.5,0.198943661971831,0.010139642444187495,0.09688995215311005,0.3880083133696504,0.5849601471477583,0.39556664330163926,-0.5343113734814777,-1.3545880311052705,SST
1.0,1.0,0.0,0.0,0.5,0.198943661971831,0.006937650093391444,0.09440559440559441,0.3836144228470079,0.5633202160514931,0.32778793544096585,-0.6695170933332626,-1.8387625132521823,SST
1.0,1.0,0.0,0.0,0.5,0.198943661971831,0.014675798274481901,0.09702479338842976,0.46985061778822307,0.5750114633298962,0.36587300221165475,-0.5901336721904674,-1.5472136380423525,SST
1.0,1.0,0.0,0.0,0.5,0.16725352112676056,0.0005336653917993419,0.08636363636363636,0.18734121092136324,0.1180735889653682,0.22780657034889645,-0.7791292826539424,-1.0737466690489976,SST
1.0,1.0,0.0,0.0,0.5,0.16725352112676056,0.003201992350796051,0.08636363636363638,0.2675135955207142,0.25167201535917194,0.28924057864934877,-0.5831325950749675,-1.3227302018513645,SST
1.0,1.0,0.0,0.0,0.5,0.16725352112676056,0.004269323134394735,0.09545454545454546,0.2750699991485259,0.2543357597842775,0.2908810012618317,-0.746247591980609,-1.2151024531663077,SST
1.0,1.0,0.0,0.0,0.5,0.054577464788732405,0.007738148181090456,0.11786833855799371,0.3156863640692109,0.3935235743615956,0.24770772532005392,-0.0975320062468943,0.21096670450189184,SST
1.0,1.0,0.0,0.0,0.5,0.054577464788732405,0.013341634794983546,0.12381818181818183,0.4176979973838085,0.46207262060726406,0.3101775721606035,0.014442841929774405,0.3065079667320167,SST
1.0,1.0,0.0,0.0,0.5,0.054577464788732405,0.014675798274481901,0.12495867768595044,0.33673963613341057,0.4688400034401018,0.2749965012914159,0.04532654333423242,0.6750351203390446,SST
1.0,1.0,0.0,0.0,0.5,0.054577464788732405,0.02321444454327137,0.13322884012539188,0.3237588654605899,0.5483479277542445,0.2827740208882905,0.13764885285172915,1.0491062116208056,SST
1.0,1.0,0.0,0.0,0.5,0.054577464788732405,0.016810459841679268,0.13174603174603178,0.3610681868906722,0.5086506810012671,0.2419174190837028,0.13807088004033252,0.8176539200859835,SST
1.0,1.0,0.0,0.0,0.5,0.054577464788732405,0.038690740905452284,0.1425705329153605,0.39675246203517034,0.6392887138856835,0.28201550714871293,0.2382514135710237,1.212051730012751,SST
1.0,1.0,0.0,0.0,0.5,0.054577464788732405,0.03228675620386018,0.14725770097670923,0.35834445940994125,0.5688409559888097,0.2647275719186769,0.2880627118367404,1.4226072240503649,SST
1.0,1.0,0.0,0.0,0.5,0.054577464788732405,0.03442141777105755,0.14101479915433407,0.38083319082635025,0.6234095328831178,0.2447516400197673,0.3111923740225554,1.4795026608835806,SST
1.0,1.0,0.0,0.0,0.5,0.14260563380281693,0.0026683269589967092,0.2736363636363637,0.5703071170815694,0.26510101789327634,0.519093081432596,-0.16280294495560502,-1.3901692539544148,SST
1.0,1.0,0.0,0.0,0.5,0.14260563380281693,0.0010673307835986838,0.2636363636363636,0.5596426569681643,0.2842207493208124,0.5985504502614192,-0.18802009009385381,-1.5887856514160055,SST
1.0,1.0,0.0,0.0,0.5,0.14260563380281693,0.0026683269589967092,0.2672727272727273,0.5445977433908422,0.2523907484066865,0.5284848851877681,-0.1564187750631108,-1.3237893859767629,SST
1.0,1.0,0.0,0.0,0.5,0.14260563380281693,0.004002490438495064,0.27212121212121215,0.4830068906909209,0.2622305065032814,0.4742781508294643,-0.13775986663354198,-1.3303845948717958,SST
1.0,1.0,0.0,0.0,0.5,0.14260563380281693,0.01494263097038157,0.3603896103896104,0.6037188983995143,0.2777070978973995,0.5205585315506096,0.10916682988918781,-0.5397797253589032,SST
1.0,1.0,0.0,0.0,0.5,0.19542253521126762,0.009339144356488482,0.09792207792207795,0.29473345306527143,0.42407568632086956,0.24585324302829553,-0.6344341915470578,-0.7123220400587738,SST
1.0,1.0,0.0,0.0,0.5,0.19542253521126762,0.015476296362180912,0.11128526645768025,0.32932852259870254,0.2978984582760761,0.26285668342864466,-0.5197878843174312,-0.21486050381237903,SST
1.0,1.0,0.0,0.0,0.5,0.19542253521126762,0.010940140531886506,0.10199556541019955,0.30410236444746414,0.3981696954973093,0.2722381030283554,-0.5786743360365607,-0.5829112222031964,SST
1.0,1.0,0.0,0.0,0.5,0.19542253521126762,0.01494263097038157,0.10470779220779221,0.3320454266754955,0.40230730158188255,0.2881192234173859,-0.5529239744248422,-0.5362547441338729,SST
1.0,1.0,0.0,0.0,0.5,0.19542253521126762,0.018945121408876636,0.11472471190781051,0.3191975949703989,0.38893260832253124,0.2819133431759827,-0.5833598782516497,-0.15744247941600398,SST
1.0,1.0,0.0,0.0,0.5,0.17077464788732394,0.05843636040202793,0.11228725612287253,0.4056871077864412,0.6281101777146243,0.38046124723831554,-0.40618706811603617,0.3032487233559035,SST
1.0,1.0,0.0,0.0,0.5,0.17077464788732394,0.05897002579382728,0.10913204442616205,0.38243569945442935,0.7864240008180591,0.3120021591457017,-0.44194740264777127,0.1581728865119822,SST
1.0,1.0,0.0,0.0,0.5,0.17077464788732394,0.07364582406830918,0.11189064558629776,0.39811718148676756,0.6612909369420773,0.3626160538473308,-0.3034437055847069,0.6759363003983948,SST
1.0,1.0,0.0,0.0,0.5,0.17077464788732394,0.07471315485190785,0.1127597402597403,0.4074811424740467,0.597044280742852,0.3816547057868637,-0.16570371350434182,0.9484775468217042,SST
1.0,1.0,0.0,0.0,0.5,0.17077464788732394,0.07578048563550654,0.11434058898847632,0.3960022245275521,0.6854201148616058,0.3532257773147291,-0.1684325017995816,0.9578634629702794,SST
1.0,1.0,0.0,0.0,0.5,0.17077464788732394,0.08565329538379438,0.1210421976777117,0.4247740684398987,0.623824876298941,0.36243488851146616,-0.0779952121329138,1.2106374395952026,SST
1.0,1.0,0.0,0.0,0.5,0.17077464788732394,0.07871564529040292,0.12126348228043145,0.4183644921852991,0.6045103100170909,0.3606071257112205,-0.059602355361314266,1.2519930370867844,SST
1.0,1.0,0.0,0.0,0.5,0.17077464788732394,0.08058347416170061,0.12185430463576159,0.4162198385325658,0.5958831929771111,0.3630568516274702,-0.0056246188586617915,1.3887647021914644,SST
1.0,1.0,0.0,0.0,0.5,0.17077464788732394,0.09232411278128615,0.12057277982133473,0.42203591212161223,0.6980907326025724,0.37779341995978066,-0.026320119916433453,1.3979909198405365,SST
1.0,1.0,0.0,0.0,0.5,0.17077464788732394,0.07017699902161345,0.11652264085724164,0.3899571812588282,0.6123131794372256,0.3893674160387632,-0.09045571477667341,1.1063973934397435,SST
1.0,1.0,0.0,0.0,0.5,0.17077464788732394,0.09045628390998844,0.12349155269509252,0.49852454900330495,0.6631943749517878,0.43821883027559727,0.029616982789486313,1.2894549664439214,SST
1.0,1.0,0.0,0.0,0.5,0.17077464788732394,0.07257849328471049,0.11794786096256686,0.40653104013918634,0.6271102808853829,0.344029154564355,-0.07887059780564448,1.1903806206952363,SST
1.0,1.0,0.0,0.0,0.5,0.17077464788732394,0.09392510895668417,0.12337293388429753,0.4420081102117887,0.6471398116629385,0.4118044171467468,-0.005414647512593377,1.4136208550417366,SST
1.0,1.0,0.0,0.0,0.5,0.1742957746478873,0.01440896557858223,0.10707070707070708,0.27632315879516967,0.35798751218391395,0.2836635264641415,-0.7178999676878601,-0.6243277291374073,SST
1.0,1.0,0.0,0.0,0.5,0.1742957746478873,0.018678288712976963,0.10922077922077925,0.2631901687233955,0.3413273938365134,0.2515425393457699,-0.6713333992224173,-0.4234971879063628,SST
1.0,1.0,0.0,0.0,0.5,0.1742957746478873,0.013608467490883217,0.1073083778966132,0.26580460970779224,0.3835146724948663,0.25740977730013637,-0.7395615402611113,-0.6076448885250109,SST
1.0,1.0,0.0,0.0,0.5,0.1742957746478873,0.029084763853064133,0.11025854879065887,0.29133960763679617,0.45306872761267425,0.2918322211476661,-0.7207459571447149,-0.45947157947181577,SST
1.0,1.0,0.0,0.0,0.5,0.1742957746478873,0.02801743306946545,0.12216450216450218,0.2744991155925528,0.3787993145839885,0.2807125204268268,-0.8678101911315441,-0.6587733304407154,SST
1.0,1.0,0.0,0.0,0.5,0.1742957746478873,0.03175309081206084,0.10580595874713516,0.328848636419163,0.5124384984985328,0.3274877415910007,-0.7561606820038483,-0.6529284934930605,SST
1.0,1.0,0.0,0.0,0.5,0.1742957746478873,0.030952592724361825,0.11457680250783703,0.27963369113894915,0.4358779138925638,0.2908922009358783,-0.8427125742021444,-0.486454929759485,SST
1.0,1.0,0.0,0.0,0.5,0.1742957746478873,0.03895757360135196,0.10554171855541719,0.3255554831471133,0.4450385286841191,0.3131540473600238,-0.9032832458896619,-0.6942542607602973,SST
1.0,1.0,0.0,0.0,0.5,0.1742957746478873,0.03175309081206084,0.10351413292589759,0.305996065723989,0.4993952790570092,0.3139309694447992,-0.897398420983944,-0.7786994689808431,SST
1.0,1.0,0.0,0.0,0.5,0.1742957746478873,0.032820421595659524,0.10731707317073168,0.2961993167419372,0.42758013324532196,0.2763152668643824,-0.8894967551504785,-0.6499422102295287,SST
1.0,1.0,0.0,0.0,0.5,0.1742957746478873,0.030685760028462156,0.10814229249011856,0.2805227594229915,0.41595079367279963,0.2630203529016542,-0.9109494961307115,-0.5937060982825997,SST
1.0,1.0,0.0,0.0,0.5,0.1742957746478873,0.04135906786444899,0.10574780058651026,0.35080516382920723,0.5497115880832475,0.303720645115358,-0.8578708523405884,-0.7319894510453779,SST
1.0,1.0,0.0,0.0,0.5,0.1742957746478873,0.032820421595659524,0.10495195861049517,0.3090665042854226,0.4963088452694756,0.28821205581307197,-0.9374199407194921,-0.8744310780550316,SST
1.0,1.0,0.0,0.0,0.5,0.1742957746478873,0.04055856977674998,0.10245215311004784,0.27058447544873515,0.47168789638623576,0.2778244151484523,-0.8760743634848678,-0.4420545153391296,SST
1.0,1.0,0.0,0.0,0.5,0.1742957746478873,0.03548874855465624,0.10355434039644565,0.29214176967129785,0.44349561816677296,0.2959848368341062,-0.8665560492490885,-0.5856976048571841,SST
1.0,1.0,0.0,0.0,0.5,0.1742957746478873,0.03922440629725162,0.10674087816944958,0.27490296695169597,0.39972195066207217,0.2886939427329191,-0.8341639801127427,-0.4712183786933671,SST
1.0,1.0,0.0,0.0,0.5,0.1742957746478873,0.041625900560348664,0.10606060606060605,0.3099256457849515,0.48456624846931484,0.2586530771877624,-0.8476318231679407,-0.5381236841877153,SST
1.0,1.0,0.0,0.0,0.5,0.1742957746478873,0.03895757360135196,0.10635118306351184,0.31248156105286234,0.46318601280288696,0.28966535320699843,-0.833419928064865,-0.5219162218861979,SST
1.0,1.0,0.0,0.0,0.5,0.1742957746478873,0.030152094636662817,0.10474658085277552,0.29461051499911295,0.4466608755698256,0.2859686728948345,-0.9122066128442488,-0.6404112658127888,SST
1.0,1.0,0.0,0.0,0.5,0.1742957746478873,0.041892733256248336,0.1049218297625941,0.33688249993111447,0.5981140707449689,0.3081920026407809,-0.8278750197293161,-0.6415835580334454,SST
1.0,1.0,0.0,0.0,0.5,0.1742957746478873,0.03975807168905097,0.10274557657107992,0.29126262134251296,0.3741286558736735,0.2960440603599131,-0.854517307214684,-0.45792457141839477,SST
1.0,1.0,0.0,0.0,0.5,0.1742957746478873,0.03895757360135196,0.10336239103362392,0.28367399657709874,0.4816716279761889,0.2793058514286984,-0.8328654044075858,-0.49215318797878677,SST
1.0,1.0,0.0,0.0,0.5,0.1742957746478873,0.03522191585875656,0.10254820936639118,0.28117478466953555,0.4528872109238903,0.24273661127508156,-0.8720877892240427,-0.5007890925348482,SST
1.0,1.0,0.0,0.0,0.5,0.1742957746478873,0.03628924664235524,0.1052139037433155,0.3226780994833501,0.49874190108450733,0.295543098449948,-0.8196358708292116,-0.5372348647374764,SST
1.0,1.0,0.0,0.0,0.5,0.1742957746478873,0.04002490438495064,0.10721212121212119,0.3092836220111565,0.4616490155544295,0.2576931615863467,-0.8171494651754825,-0.3837606634442881,SST
1.0,1.0,0.0,0.0,0.5,0.1742957746478873,0.029351596548963802,0.10553719008264459,0.2590091251600082,0.3520214916597553,0.23728638840348182,-0.8988020557840423,-0.5543762323658301,SST
1.0,1.0,0.0,0.0,0.5,0.1742957746478873,0.038157075513652945,0.10756516211061665,0.31088460019110464,0.5116482819544437,0.26410552617580235,-0.8384490074218383,-0.5284726335298575,SST
