cell_type,firing_rate,ap_threshold,ap_duration,mean_vm,std_vm,fft_low,fft_high
EXC,3.25,-0.028421923076923,0.5638461538461538,-0.0383751560664062,0.0051962548906697,4.292485188150986e-05,0.0005178066042933
EXC,0.2,-0.033953125,1.0125,-0.049049060296875,0.0043352864595826,5.275972423492531e-05,0.0004850928297629
EXC,0.05,-0.039290625,3.35,-0.050940471609375,0.0052856365367916,6.34672417062024e-05,0.00051851364749
EXC,0.0,0.0,0.0,-0.0475440973906249,0.004777943299089,5.6954762379206725e-05,0.0005573942941012
EXC,0.15,-0.0333614583333333,1.7333333333333334,-0.0464904637452531,0.0028805762837832,3.129791748574089e-05,0.0004025499504384
EXC,0.15,-0.03611875,1.65,-0.0469081140429687,0.0028380766054265,3.418578522600611e-05,0.0003459398454539
EXC,0.85,-0.0372965073529411,1.4529411764705882,-0.0584737016328125,0.0089324876771611,4.3967662886173234e-05,0.0010910609323865
EXC,0.05,-0.034490625,1.45,-0.0577793827460937,0.0043450796263666,4.596351150926789e-05,0.0005174284830182
EXC,0.25,-0.044771875,3.41,-0.0572052228085937,0.0047081396170548,4.291079385740001e-05,0.0005213016020738
EXC,0.4,-0.0456679687499999,1.8625,-0.06377164328125,0.0074517055937566,2.6899019380596084e-05,0.000851989685663
EXC,0.4,-0.04491015625,2.1625,-0.0604735105898437,0.0057401423617079,2.617834153380301e-05,0.0007134213528818
EXC,0.1,-0.0386140625,0.7749999999999999,-0.063692684453125,0.0038609869379611,6.33563807908679e-05,0.0004557896843659
EXC,0.15,-0.0463354166666666,2.6666666666666665,-0.06445432590625,0.005386584368738,5.162591265811897e-05,0.0007392272204383
EXC,0.05,-0.03888125,1.2,-0.0638598749765625,0.0041773447681184,3.2841981003690966e-05,0.0005583694267437
EXC,0.0,0.0,0.0,-0.0612962324765625,0.0039753463666447,3.180937779265937e-05,0.0005218683031943
EXC,0.05,-0.042909375,1.25,-0.0672060979375,0.0060528709314202,4.192725203997745e-05,0.0007410220537674
EXC,0.0,0.0,0.0,-0.068662784625,0.006043327511631,2.4763445255600388e-05,0.0006893440335442
EXC,0.7,-0.0405794642857142,1.1071428571428572,-0.059406883984375,0.0050769638760896,7.63440503811489e-05,0.0006618207099692
EXC,0.3,-0.0404354166666666,1.0916666666666666,-0.0601110337421874,0.004988245743219,7.23968448619889e-05,0.0006184304921636
EXC,0.35,-0.0409924107142857,2.2928571428571423,-0.0566170082617187,0.0050024162322781,2.5094646357762432e-05,0.0005637357538725
EXC,0.4,-0.039640625,2.5625,-0.05579276765625,0.0050855605491571,2.659491496942846e-05,0.0006197865422518
EXC,6.25,-0.0389282,1.1668,-0.0532612860820312,0.007490947011541,6.393810711701934e-05,0.0008832470521637
EXC,1.55,-0.0389523185483871,0.9419354838709676,-0.0544545331835937,0.0056931685333546,5.3392854428387925e-05,0.0006952638574135
EXC,1.5,-0.0388797916666666,1.013333333333333,-0.055855739875,0.0055286358496695,5.3944721448141066e-05,0.0005831891051698
EXC,0.35,-0.0408022321428571,1.4642857142857142,-0.0611386585703125,0.0049782088556233,5.8825007956918666e-05,0.0007110463339776
EXC,0.0,0.0,0.0,-0.063021402984375,0.004791404272012,3.371393257024868e-05,0.0005320185926989
EXC,0.25,-0.040971875,1.7700000000000002,-0.0580455059062499,0.0044320527522652,3.346264039698808e-05,0.0005226856053081
EXC,0.25,-0.043335,0.95,-0.0625713488007812,0.004478964086524,3.3676793590083446e-05,0.0006410138231255
EXC,1.45,-0.0414785560348938,1.4655172413793105,-0.0546424648806426,0.0041536649542092,5.37831828946541e-05,0.0005089968328812
EXC,0.75,-0.0416889580587546,1.0733333333333337,-0.0570486746082827,0.0045366276394409,4.960056364661687e-05,0.0005888195111065
EXC,0.95,-0.0417524654614298,0.9894736842105262,-0.057440393590494,0.0049083704889698,5.441225113092312e-05,0.0005792901068923
EXC,0.5,-0.0418221872299909,0.905,-0.0585237101434636,0.0044349287359778,5.8751103294504935e-05,0.0004876629666175
EXC,0.3,-0.0417354175200065,1.025,-0.0541265073497733,0.0030326970300805,5.787524371449731e-05,0.0003618333691891
EXC,0.8,-0.0416890617925673,1.1062500000000002,-0.0541877058348851,0.0031607170623416,5.659799154239619e-05,0.0003780810686287
EXC,2.1,-0.0414891387557699,1.2202380952380951,-0.0538007302836002,0.0038414785490533,5.633874016518802e-05,0.0004478945846383
EXC,0.0,0.0,0.0,-0.0674414075827878,0.0037815694794194,2.538442701459785e-05,0.0005350619576428
EXC,0.05,-0.0480437502264976,1.95,-0.0671698732070857,0.0038499443969905,2.6064036584460335e-05,0.0004725100579579
EXC,0.3,-0.0469151033709446,1.9416666666666669,-0.0665130146490689,0.0047730802509561,2.7808115083235048e-05,0.0005396472366956
EXC,0.15,-0.047025000055631,1.55,-0.0665102718110382,0.0048990574015899,3.2274049607005416e-05,0.0006818605787671
EXC,1.45,-0.0408673481694583,1.0206896551724136,-0.0551361793114757,0.0043605190443065,5.919431361423053e-05,0.0004547173885247
EXC,0.15,-0.0371322942276795,1.0,-0.055625296899164,0.0043248841556419,5.317414335321357e-05,0.000467362243619
EXC,0.05,-0.0376750007271766,1.05,-0.056550676022917,0.0038333601284533,5.379379516911608e-05,0.0004550544351551
EXC,0.4,-0.0384316407144069,1.08125,-0.0569593672433355,0.0035934294218349,5.107877140492824e-05,0.0004648955984487
EXC,0.05,-0.036609373986721,1.1,-0.0568345466134091,0.0037264713593921,5.767597545586523e-05,0.0004422299483294
EXC,0.0,0.0,0.0,-0.0564084780166298,0.0037340884927459,4.242918971477418e-05,0.0005077227896025
EXC,0.0,0.0,0.0,-0.0563592086702957,0.0038952180437759,4.473356451641135e-05,0.000510379225651
EXC,0.0,0.0,0.0,-0.0562181949852593,0.0037108797065334,4.659655731915351e-05,0.0004735317393955
EXC,0.0,0.0,0.0,-0.0563694164597895,0.0040546812457456,4.714902451477101e-05,0.0005377479395353
EXC,0.0,0.0,0.0,-0.0556429405185952,0.0040423640542695,4.685090012388921e-05,0.0005281314047988
EXC,0.1,-0.0363718755543231,1.15,-0.0557309844399336,0.0044017829414429,5.066595515974819e-05,0.0005653776221396
EXC,0.4,-0.0363339819014072,1.4875,-0.0563233620530227,0.0051952610333585,5.1628649412823e-05,0.0005859512102539
EXC,0.4,-0.0369179677218198,1.33125,-0.0548707527962653,0.0049596785306743,5.59276823610057e-05,0.0006437011466114
EXC,0.25,-0.0328837491571903,2.34,-0.0547246915003279,0.0061895671630884,4.826383875344856e-05,0.0007902618032816
EXC,0.0,0.0,0.0,-0.0566705636841245,0.0028440455419924,1.9496411970433127e-05,0.0003204819358743
EXC,0.0,0.0,0.0,-0.0557003138473816,0.0022394681790149,1.972480051476281e-05,0.0002834089240226
EXC,0.0,0.0,0.0,-0.055981707868427,0.0025703358259777,2.178022433935472e-05,0.0003704396653482
EXC,0.0,0.0,0.0,-0.0537684170773811,0.0028194557431371,2.104679742926523e-05,0.0003882349297719
PV,6.1,-0.0429245904861717,0.6872950819672131,-0.0515894565374016,0.0039419702765938,7.022349042203178e-05,0.0004957168467073
PV,22.016666666666666,-0.0431879574356781,0.476987130961393,-0.0538445982606471,0.0070701536943462,9.973688000719504e-05,0.0008884723295778
EXC,1.6166666666666667,-0.0410000142443162,1.6530927835051543,-0.0548192113941109,0.0056091088085206,3.728240668194034e-05,0.0007985633916472
EXC,0.9166666666666666,-0.0405681633718086,1.7881818181818183,-0.054289312824386,0.0046158448365963,3.4447497444675706e-05,0.0005653000403459
EXC,0.95,-0.0402634751930375,1.8447368421052632,-0.0526929146573085,0.003973650865493,3.348857141554409e-05,0.0004998929991341
EXC,5.816666666666666,-0.0441865065806587,1.4869627507163323,-0.0554531539426751,0.0070948147808911,4.056526600713751e-05,0.0010637372866468
EXC,4.1,-0.0446938497689158,1.7247967479674795,-0.0550576186428757,0.0061428400648033,3.755224498869965e-05,0.0008866738922229
EXC,3.8333333333333335,-0.0458453743164521,2.1469565217391304,-0.0536646805245588,0.0030338511241528,1.8662452193214048e-05,0.0004917120619196
VIP,27.75,-0.0451929972365041,1.121891891891892,-0.0538681213608988,0.0074617553743683,8.27701951816543e-05,0.0010632723806774
VIP,18.683333333333334,-0.0400411617803753,0.8022301516503122,-0.0479874667288424,0.005195638551883,5.502493558809552e-05,0.0006783309987675
VIP,41.7,-0.0387882696508865,1.0264388489208631,-0.045144858686366,0.0057496776301173,6.757882639389168e-05,0.0007495456208064
SST,7.883333333333334,-0.0434914208118659,0.8757928118393234,-0.0483785008093598,0.002739612706411,4.03992326831312e-05,0.0003218054354181
SST,13.025,-0.0424003387612253,0.8175623800383877,-0.0466873743746519,0.0033849725551435,4.505701035967686e-05,0.0004270562751605
EXC,7.85,-0.0348139109064474,3.399150743099788,-0.0450578222666546,0.0070570915711674,5.046889379528049e-05,0.0010026261063087
EXC,4.683333333333334,-0.0379507979307645,1.2040925266903912,-0.0502668529601052,0.0052181004939751,5.194608432659253e-05,0.0006842240039798
EXC,3.85,-0.0384668399888423,1.2404761904761905,-0.0506265462428845,0.0049258906219752,5.1677164432158793e-05,0.0006576793589988
EXC,3.033333333333333,-0.0366761284722949,1.2917582417582418,-0.0485286150462443,0.0048063143855545,4.753387668703286e-05,0.0006501950234263
PV,33.45,-0.0351281106043963,0.5380667663178874,-0.0411775460245346,0.0040867951817715,7.560395240215953e-05,0.0005239227147851
SST,3.8181818181818175,-0.0373202738431943,1.907738095238096,-0.051890821363719,0.005745684142367,4.5169097685911146e-05,0.000641404719867
PV,14.383333333333333,-0.0394794030353691,0.4129779837775204,-0.0490148016955268,0.004830080409598,0.0001176255021225,0.0005236125749463
PV,20.133333333333333,-0.0427558377132172,0.4125,-0.0530331278504066,0.0059362618700015,9.783034274617192e-05,0.000817083298074
PV,103.68333333333334,-0.0388608611660144,0.4282671596206398,-0.0450115014215296,0.0051212291822881,4.2902773300655454e-05,0.0006339813767437
PV,18.466666666666665,-0.0444408233124693,0.5275270758122743,-0.0511792662127034,0.0042305604277203,7.997612948778624e-05,0.000582251371779
SST,4.666666666666667,-0.040444443115056,0.5891071428571428,-0.0508964515451763,0.004122078239179,5.629513717061265e-05,0.0005361270233882
SST,28.65,-0.036558772618717,0.6562245491564864,-0.0436380128139223,0.0050239251274965,7.467325749059088e-05,0.0006982655215288
SST,1.9,-0.044896726526636,0.6210526315789472,-0.0552111526184664,0.0033830371419122,5.497654790240494e-05,0.0004296879523515
SST,3.0,-0.0436832227560672,0.7080555555555557,-0.0535552785847038,0.0035081917969832,5.545614921411156e-05,0.0004196579489157
EXC,0.2833333333333333,-0.0357547051632152,1.638235294117647,-0.0531181177256082,0.0043468399107006,4.57150422285972e-05,0.0004778396531201
SST,2.2,-0.0398648545834054,1.3299242424242426,-0.0496587168894078,0.0040742159607742,4.330611233724175e-05,0.0004950459569355
SST,15.91304347826087,-0.0381302809551999,1.150068306010929,-0.047292841811068,0.006179251808962,4.9491294881938425e-05,0.000660165285359
EXC,8.25,-0.0429933260669759,0.6582828282828284,-0.0529792522753304,0.0050602076607954,6.545455452654988e-05,0.0006804232138708
PV,32.68333333333333,-0.0404182193180026,0.7697603263641,-0.0475180435516782,0.0064807831705601,6.763636997540394e-05,0.0009008348861843
PV,31.1,-0.0432112316401755,0.7652197213290461,-0.0488873528671083,0.0051275779167278,8.104848460868521e-05,0.0006980564662169
PV,32.56666666666667,-0.0428140554993919,0.7823183213920164,-0.0488237591184152,0.0058549745595212,8.017885092949873e-05,0.0006998158827678
PV,30.633333333333333,-0.0429504170173502,0.3519858541893362,-0.0530641429431881,0.0068568981909504,9.063532438777362e-05,0.0009589813392315
SST,3.083333333333333,-0.0386986116630206,1.0281081081081085,-0.0470903506568836,0.0037715053959546,4.526680839069485e-05,0.0004615005955251
EXC,2.55,-0.0401638026592388,2.4392156862745096,-0.0565171852758064,0.0062358201434191,4.596594239239521e-05,0.0008558270227233
SST,5.7,-0.0421256686814968,1.2399122807017544,-0.0495674928328053,0.0042461185388327,4.9700343015507086e-05,0.0005181414463993
SST,7.35,-0.0387428281546366,1.0267573696145125,-0.04596070738696,0.0042591124449284,4.289692307037338e-05,0.0004392902968158
SST,7.5,-0.039834376427147,0.995777777777778,-0.0477592054011701,0.0044069540659221,5.620845701088592e-05,0.0004844979441224
SST,2.833333333333333,-0.0435254528657628,0.726764705882353,-0.0516136506212202,0.0033361008894892,4.676432269337789e-05,0.000355967345861
SST,0.85,-0.0429219926604658,0.7088235294117649,-0.0534118281231193,0.002829324890323,4.420981876079246e-05,0.0003757901284929
EXC,0.3166666666666666,-0.0428042691393287,1.3921052631578947,-0.06590065843095,0.0070731921804785,4.176874377600082e-05,0.0008851298803395
EXC,0.8833333333333333,-0.0419406867858629,1.579245283018868,-0.0546436618394326,0.0036286569610905,3.156306599238559e-05,0.0004089002963965
EXC,0.6166666666666667,-0.042279517029744,1.4986486486486486,-0.0566689327655079,0.0037226524603844,3.0753683589846e-05,0.0004387198462508
EXC,0.2,-0.0417593644531837,1.5750000000000002,-0.0558642539475542,0.0029047634132901,2.9381712916179997e-05,0.0003543654790607
SST,3.1666666666666665,-0.0464525560178563,0.6278947368421052,-0.056342218991229,0.0038944401715402,6.364478654917733e-05,0.0004975671989361
SST,2.7666666666666666,-0.0465184013729646,0.7376506024096386,-0.0555631481796712,0.003631595126155,5.809557239552576e-05,0.0004640390919344
EXC,9.833333333333334,-0.0420270372433298,1.447627118644068,-0.0483378859011745,0.0032795387502688,5.3635281518239774e-05,0.0003939378743108
EXC,6.033333333333333,-0.0409998595766575,1.425966850828729,-0.0505435891584903,0.0047977645505783,4.29023195035907e-05,0.0006109956886632
EXC,3.9,-0.0426928392019041,1.943589743589744,-0.0521907865327805,0.0039556878424848,3.764812222250835e-05,0.0005670246455684
EXC,2.533333333333333,-0.0424041660025037,1.794407894736842,-0.0530419317952411,0.0038163469146562,3.647974218674631e-05,0.0005349488428624
EXC,15.283333333333331,-0.036917914235214,2.198473282442748,-0.0487151193899046,0.0072337716199683,9.63338532999854e-05,0.0009174375492254
EXC,8.016666666666667,-0.0368617185333518,1.7854469854469854,-0.0476615176308871,0.0054667317677765,5.538123233935889e-05,0.0007587875066604
SST,0.2333333333333333,-0.0458786766775696,0.6500000000000001,-0.0563193217440157,0.0029033307404394,4.826291304867114e-05,0.0003659226214046
SST,0.7,-0.0450714841063236,0.6047619047619047,-0.0554560576285137,0.0031038379699127,5.314097408434898e-05,0.000407321801485
EXC,1.1833333333333331,-0.0433677514218732,0.8598591549295774,-0.0621541798776228,0.005461234102942,7.345778574409079e-05,0.0006919001171454
SST,6.133333333333334,-0.0392710564629481,0.9456521739130436,-0.0455740300693873,0.0035943654499946,4.192415345700413e-05,0.0004249995579836
EXC,1.6,-0.0423154793363708,1.0760416666666668,-0.0624402220222333,0.0059786419750588,5.6664214339485313e-05,0.0008189354084334
EXC,1.7166666666666666,-0.0392255800699867,1.5247572815533978,-0.0559259677480628,0.0061595723432401,4.802401930886e-05,0.0007308955971232
SST,1.9666666666666663,-0.0416314580712135,0.7165254237288137,-0.056329455306849,0.0051584664495135,6.324992464000838e-05,0.0005215768430952
EXC,2.9166666666666665,-0.0418169195685964,0.9997142857142856,-0.0548036406563523,0.0050439585542267,4.9015525452817126e-05,0.0006973870270514
EXC,4.116666666666666,-0.0438986753290637,0.870242914979757,-0.056514489413075,0.004734242032734,4.9762137999808265e-05,0.0006399449726778
SST,4.216666666666667,-0.0392693998818375,0.6221343873517787,-0.046110432922645,0.0029059639347273,5.123999065268089e-05,0.0003559783834123
SST,21.8,-0.0433187598680332,0.4959480122324158,-0.0490481725632455,0.0034795426555178,6.753909142089413e-05,0.0004334350468513
SST,18.916666666666668,-0.0477338508803277,0.5338766519823789,-0.0528681572514987,0.0029550750443278,7.208763402933616e-05,0.0003227874593535
SST,18.4,-0.0476377248158965,0.4859601449275362,-0.0529159972411736,0.0029599641382014,6.652140701255817e-05,0.0002747532809424
PV,20.933333333333334,-0.0444756905311805,0.4587977707006369,-0.051828941965044,0.0041997682269125,0.000127876526258,0.0004136145211182
PV,25.7,-0.0420462729938436,0.3698767833981842,-0.0502812150251134,0.0042344126452752,0.0001105239135632,0.0004892640411338
PV,36.7,-0.0447714514573967,0.3415077202543142,-0.0559756085917305,0.0073041060015028,0.0001145899784097,0.0009206996505869
PV,40.45,-0.0422285730004714,0.3355995055624227,-0.0496250793580086,0.0044177013958842,0.0001017369512377,0.0005179352263337
SST,2.2666666666666666,-0.0429642698297136,0.5286764705882353,-0.0511293618130222,0.0031492428118447,4.60498578979792e-05,0.0004123832080622
SST,3.0,-0.042882947785632,0.4847222222222223,-0.0529653503130727,0.0036336307171624,6.890200770902596e-05,0.000467633856905
SST,1.2666666666666666,-0.0427485377133537,0.563815789473684,-0.0551916642648256,0.0037082790924178,6.442546627869886e-05,0.000483956199266
SST,14.2,-0.0398463328977358,0.5696009389671362,-0.0488265478203458,0.004658375477078,8.687324771759236e-05,0.0005508843694762
SST,2.3833333333333333,-0.0418932940450134,0.4944055944055944,-0.0503204306003948,0.0035905824967061,4.37186082105365e-05,0.0004948212335113
SST,1.6666666666666667,-0.0397049179202466,0.4355000000000001,-0.0567177492496211,0.0051280143377059,8.048753782222289e-05,0.0005559846036619
SST,4.55,-0.0396372045086463,0.4743589743589743,-0.0535557796633089,0.0051835199671477,9.033455196239869e-05,0.0005987313108626
EXC,0.8,-0.0363666302194172,0.9625,-0.0514236785116274,0.0046770330385074,4.0986862255725855e-05,0.0005701297439615
EXC,0.3333333333333333,-0.0361963911461229,1.1424999999999998,-0.0564772377517241,0.006918578925082,3.938080902995978e-05,0.0010102730082103
SST,0.574468085106383,-0.0404142180454884,0.7666666666666666,-0.0544204062766856,0.0035863572213078,3.263712732482656e-05,0.0003160350819924
SST,2.8,-0.0419877942621828,0.5261904761904761,-0.0535069303064237,0.0043473810546098,3.644624811884876e-05,0.0004506671340243
SST,2.3,-0.0430021528541617,0.5536231884057972,-0.0539231751942684,0.0040974208198927,3.9528578468183095e-05,0.0004371534971547
PV,20.1864406779661,-0.0399968896890102,0.2853064651553316,-0.0534619685427772,0.006574510250189,0.0001152623703776,0.0008725419500229
PV,21.28333333333333,-0.039409157962748,0.2865309318715739,-0.0537254253215496,0.00757627835223,0.0001104879783116,0.0010215066749969
SST,3.4166666666666665,-0.0424271128770144,0.6078048780487804,-0.0507487276573956,0.0032259911204636,6.149715209047342e-05,0.0003814872062538
SST,8.316666666666666,-0.0414808281891044,0.4712424849699399,-0.0515639985202449,0.0043251544444451,8.658126152621226e-05,0.0005054338391695
SST,4.633333333333334,-0.0376073399131326,0.5816546762589928,-0.044704159643089,0.0028266521003668,5.557536813577653e-05,0.0003303118859123
EXC,0.7333333333333333,-0.0381638923950977,0.9318181818181818,-0.0609003765511082,0.0057358678910031,4.261957331370037e-05,0.0006272093177086
EXC,0.6,-0.0358643905659623,0.975,-0.0606906617877349,0.0051460102671799,4.3879657722480176e-05,0.000610746310329
SST,5.916666666666667,-0.0419319993727312,0.5540845070422534,-0.0486110074148955,0.0029988196503582,4.9455122573217845e-05,0.0003195302905076
SST,1.3,-0.0412387769406518,0.4608974358974358,-0.0525851388364514,0.0034806670393315,4.195905104355658e-05,0.0003248384519384
EXC,1.8166666666666669,-0.0390784490164536,0.794954128440367,-0.0600613864203812,0.005877128938047,7.019405436759189e-05,0.000773231585136
EXC,0.2166666666666666,-0.0418100218629334,1.0846153846153843,-0.0656956283734301,0.0047984647010079,4.657026896762073e-05,0.0005807564535353
EXC,0.0333333333333333,-0.0672715095586571,5.5,-0.0682709391505443,0.0042134460741343,5.534470376546307e-05,0.0005190909117503
EXC,0.25,-0.0422238777249784,1.0,-0.0622845284441708,0.0055757092333025,4.179366915245687e-05,0.0007495362046138
EXC,0.7666666666666667,-0.038311678007785,1.1989130434782609,-0.0575080791306997,0.0054569715029153,9.277102128300834e-05,0.0006417202724515
EXC,0.7166666666666667,-0.0411689293464364,0.9813953488372092,-0.0666960734594697,0.0058676117052319,5.34730495572304e-05,0.000766677320615
PV,6.233333333333333,-0.04171147344776,0.3485294117647059,-0.0508859880704592,0.0033510621459689,6.9139963201036e-05,0.000383317861803
PV,7.316666666666666,-0.0395495293230227,0.3082004555808655,-0.0595507371077856,0.0070434459204294,9.517466047899396e-05,0.0008666013470809
PV,7.35,-0.0396361247689689,0.3181405895691609,-0.0556278938093311,0.0064340377429886,0.0001037076190073,0.0007765676261976
EXC,0.7333333333333333,-0.0454797320667429,0.4875,-0.0573935529859966,0.0027901512968716,3.514316200685538e-05,0.0003314322558426
PV,5.4,-0.0413070925754822,0.4898148148148148,-0.0586907535869609,0.0067829363101751,8.099172273138645e-05,0.0009485064549201
EXC,3.9166666666666665,-0.0400380581481413,1.168085106382979,-0.0553895495047334,0.0065829668237085,5.369460995489052e-05,0.0009130439805564
PV,45.13333333333333,-0.0409176051697873,0.3259047267355982,-0.0496354655460699,0.005151157938431,0.0001178828494039,0.0005407837158216
EXC,0.75,-0.0409698292040538,0.8911111111111112,-0.0583707699408556,0.0049844500752791,4.091377320970618e-05,0.0006487351954496
EXC,3.566666666666667,-0.0421636536313764,0.5495327102803738,-0.0641351736668935,0.0073900377149025,8.81622866837304e-05,0.0009080274865426
SST,16.383333333333333,-0.0483340724007771,0.3709053916581891,-0.058004148501062,0.0045987590400562,7.660841648538037e-05,0.0005583064081656
EXC,8.4,-0.0406961524636513,0.9115079365079364,-0.056535835268369,0.0067927172138572,8.063831212915608e-05,0.0009446281697424
EXC,2.7333333333333334,-0.0392708327444335,0.7357723577235773,-0.059023515712447,0.0060485909774516,7.829754799886562e-05,0.0008303922129388
EXC,2.0166666666666666,-0.0344886065361939,1.0140495867768593,-0.0494650174198405,0.0047421036071477,5.875659883498867e-05,0.0006559970227862
EXC,1.45,-0.0390858845801104,0.7982758620689654,-0.0596343665734881,0.0070431957545425,6.934501693572799e-05,0.0010057777077059
EXC,1.1666666666666667,-0.0391015045026817,0.7949999999999999,-0.0590499312978313,0.0051808240597831,9.555319914649216e-05,0.000656709940827
SST,13.366666666666667,-0.0457974114546778,0.3895261845386533,-0.0505891530262178,0.0022978457336338,4.4182253404088055e-05,0.000285323709686
PV,17.1,-0.0385820204286142,0.3119395711500974,-0.0542575205730763,0.0063014388032231,9.416558684621347e-05,0.0007740865700522
PV,6.866666666666666,-0.0385455766548105,0.2850728155339805,-0.0540828273225426,0.005766537214025,9.95700414411719e-05,0.0007267969407286
PV,11.116666666666667,-0.0368612525522069,0.3157421289355321,-0.0511854738965788,0.0058281327567686,9.676757256905416e-05,0.0007503058969617
VIP,4.732142857142857,-0.0419639427666282,0.5888679245283017,-0.0520469665464784,0.0052140429115873,5.218636033282659e-05,0.0005447652508286
EXC,0.2027027027027027,-0.043805707695705,1.0916666666666666,-0.0625538739701234,0.0041692748733144,4.097885878994351e-05,0.0005560270181286
VIP,4.0,-0.0429705480375027,0.6181249999999999,-0.0567788965907829,0.004807570052741,3.884721306287969e-05,0.0005649858656207
VIP,5.133333333333334,-0.0413783589458722,0.6165584415584415,-0.055044303244904,0.0051759439066642,3.945147836287688e-05,0.0005574193178008
EXC,0.55,-0.0413836932458115,0.7015151515151515,-0.0607389289498255,0.0052831536189331,6.218248028229613e-05,0.0006908829957408
VIP,9.4,-0.0378657704686282,0.8177304964539007,-0.0471691163509136,0.0050698429935043,6.664001982545921e-05,0.0005407186235017
EXC,0.4333333333333333,-0.041187972836815,0.8115384615384618,-0.0663509968129787,0.0080991355728315,6.603704516612476e-05,0.0010590575392785
VIP,28.40625,-0.0397119947618437,0.6087458745874587,-0.0506679948557972,0.0074578670794157,6.903199794203795e-05,0.0010308553408868
EXC,0.2333333333333333,-0.0402302887887913,0.8785714285714284,-0.0621803653935753,0.0058147446478456,3.70742867592376e-05,0.0008296848344345
VIP,16.8,-0.0394190455942233,0.5237103174603176,-0.0522598912387724,0.0067995672632926,5.7695717489014574e-05,0.0009928608582165
VIP,12.529411764705882,-0.0363211669205967,0.5265258215962442,-0.0519785727547617,0.0068243166281865,4.424262697031181e-05,0.0008866011071859
VIP,24.3,-0.0349465239763452,0.920130315500686,-0.0430462392879783,0.0059418373138886,7.233989157980762e-05,0.0006459370464243
VIP,6.942857142857143,-0.0399136921208665,0.7668724279835392,-0.0523923062243531,0.0060034985410938,6.058770414209035e-05,0.0007240614510675
VIP,7.483333333333333,-0.0363403175444159,1.3535634743875278,-0.0435078626607457,0.0043406666251343,4.823021650839611e-05,0.0005404792242926
SST,6.733333333333333,-0.0375389350886246,0.5788366336633662,-0.047130361016533,0.0043206087226375,5.032424966930368e-05,0.0004790095200577
SST,1.4166666666666667,-0.0382641473210998,0.5799999999999998,-0.0497644309831214,0.0036422488609402,4.208612654355707e-05,0.0004197119919633
EXC,0.4333333333333333,-0.0404802935059835,1.5096153846153846,-0.0591112796524148,0.0048995812902614,4.6740383268474585e-05,0.0006423367756086
EXC,0.8333333333333334,-0.039093470897159,1.23,-0.058132181809914,0.0058508739201629,4.871942751783264e-05,0.0007670629018286
SST,16.05,-0.0346629814265217,0.71926272066459,-0.0430439646599845,0.0048051315781201,4.2047613424987495e-05,0.0005849988622514
SST,13.383333333333333,-0.0365091409602027,0.7541095890410958,-0.0457486657535521,0.0054839065679176,7.139449653183128e-05,0.0005525286906977
SST,6.866666666666666,-0.0407053411146615,0.4881067961165049,-0.0521786892901823,0.0048769165035779,4.753949720845351e-05,0.0006460564635452
SST,13.54054054054054,-0.0381052813856692,0.5711576846307385,-0.0499186656229696,0.0057815565464672,4.937112636192597e-05,0.0007990257587492
SST,14.956521739130435,-0.0346254285961181,0.7002906976744186,-0.0448762372332284,0.0055850585387316,4.27018847579405e-05,0.0006416298791042
EXC,0.0666666666666666,-0.0435368471260114,1.0499999999999998,-0.0671603290295624,0.0065006974841558,3.710447169195355e-05,0.000808557558607
PV,45.61666666666667,-0.0411157593030203,0.3320789185239313,-0.0520866831385299,0.0073967846658496,6.867213133926239e-05,0.001089373673922
PV,17.366666666666667,-0.0400415994980465,0.4948656429942418,-0.0543372489419842,0.00939180047828,9.579339783782724e-05,0.0012825763175915
PV,19.6,-0.0390645373940081,0.4420493197278913,-0.0550013290133951,0.0101425085234166,9.553983422889792e-05,0.0014015902054599
PV,29.25,-0.0397292033804417,0.331082621082621,-0.0481428879880618,0.0053512534899917,0.0001075762886929,0.0004464270573493
PV,34.88333333333333,-0.0380882910603381,0.36438127090301,-0.0496941657330555,0.0089530762343697,9.77483779691748e-05,0.0012191364331287
PV,36.583333333333336,-0.0420905843103033,0.3161047835990888,-0.0571401376574692,0.0110831774783786,9.378652977662972e-05,0.0015318844593446
PV,38.142857142857146,-0.0414895765077668,0.3303745318352059,-0.0549271309264611,0.0098388622042081,9.649211016846488e-05,0.0011907313539596
PV,29.0,-0.0389878089097121,0.3029885057471264,-0.0520477400824282,0.0089692557847189,0.0001062271649383,0.0012599053966782
PV,31.133333333333333,-0.0424451463419104,0.3375267665952891,-0.0558942684140008,0.0089489758253418,8.9999023419637e-05,0.0012386959203409
PV,27.15217391304348,-0.0418812510102082,0.2964371497197757,-0.0561178597770802,0.0084239473770697,0.0001052435354348,0.0012121719388329
PV,35.13333333333333,-0.0408794549959812,0.3175521821631878,-0.0527119731222385,0.0083426520028653,8.868298616576574e-05,0.0011437647744896
PV,47.93333333333333,-0.0378637403092859,0.3629694019471488,-0.0511296268063813,0.007933245847151,8.490126444233938e-05,0.0010527981477198
EXC,1.1515151515151516,-0.0397431572600498,0.5960526315789473,-0.0628780138778485,0.0058406404557689,7.084694426248525e-05,0.0007782990174956
EXC,0.2666666666666666,-0.0407158547024917,0.59375,-0.0649165175140851,0.0054325711033872,9.52508826216886e-05,0.0006269795307475
PV,16.486486486486488,-0.0409591944069575,0.3110655737704918,-0.0570995492875255,0.0085030351037973,9.55452033296733e-05,0.001172511501518
SST,3.4166666666666665,-0.0391067936738968,0.5219512195121951,-0.0489622417872774,0.0033804448124181,6.929210153283074e-05,0.0003861270839538
SST,7.22,-0.043484164019331,0.7049861495844877,-0.0499409758946753,0.0032529994038033,3.694890749166929e-05,0.0003987257402597
SST,33.82608695652174,-0.0435253268733612,0.2667095115681234,-0.056006347293819,0.0066801176690861,9.298558559939526e-05,0.0008315919162444
SST,25.4375,-0.0424946251066855,0.2664619164619164,-0.0570845790633141,0.0070901534112681,8.364011710018277e-05,0.0009764707102844
SST,3.4,-0.0479606971329886,0.4588235294117648,-0.0586186070960324,0.0034001164311415,5.347450593185092e-05,0.0003895026601414
SST,3.08,-0.0485776509738849,0.4623376623376625,-0.0596457917489462,0.0034746134971271,5.043053915872309e-05,0.0004566926294287
SST,5.7,-0.0476941613592486,0.4808479532163742,-0.0552519940677924,0.0029267473994404,5.300774578977219e-05,0.0003550322009096
EXC,0.5,-0.0402609193305203,0.6199999999999999,-0.0672281275279865,0.0072116062810959,9.21530557343726e-05,0.0009539032156751
EXC,0.5666666666666667,-0.0403499625960054,0.6029411764705881,-0.0696314201633726,0.0069739327123582,9.178892399777496e-05,0.0009546532710739
SST,2.933333333333333,-0.0416707782190157,0.6173295454545454,-0.050758798629494,0.0033702024638584,4.011757059073052e-05,0.0004214904559083
SST,3.333333333333333,-0.0404319424902974,0.6455,-0.0498404279614906,0.0036738299724521,3.944616643356423e-05,0.0004604039239486
SST,6.970588235294118,-0.0393662196263516,0.4987341772151897,-0.0519565995513841,0.0049261317793103,0.0001021980662737,0.0006302701147127
SST,6.983333333333333,-0.040460951040757,0.373508353221957,-0.0550755550916039,0.00666256779198,8.73990352491357e-05,0.0009257013925782
SST,1.3870967741935485,-0.0423450201120886,0.4081395348837209,-0.0533900503770852,0.0031861115283201,3.635536664021106e-05,0.0003942945320682
PV,30.45833333333333,-0.039681320172832,0.3761285909712722,-0.0476357670356999,0.0046365282516793,8.946435355745988e-05,0.0005518987030043
PV,27.666666666666668,-0.0392451402974898,0.3657831325301205,-0.0484132283906657,0.0055178251808639,8.739462320512574e-05,0.0007181719241492
PV,24.933333333333334,-0.0443151310983256,0.2331885026737968,-0.0564433715620868,0.0065225255157913,9.630564858346107e-05,0.0008936752128641
PV,49.9,-0.0426338401911312,0.2368069472277889,-0.0544037804548632,0.0064854914887525,0.0001297639810014,0.0006924720541599
SST,7.804347826086956,-0.0432951977833191,0.4532033426183844,-0.0524010808866898,0.0034508017663092,7.04927980727906e-05,0.0003918022461732
SST,5.541666666666667,-0.0448342767754052,0.4317669172932332,-0.0558636010799551,0.0034219156217739,6.303955301222407e-05,0.0004166182649429
SST,8.305555555555555,-0.0438351659152682,0.4419732441471572,-0.0522170655535958,0.0033307373041975,5.331124766656778e-05,0.0004116973623324
SST,0.5952380952380952,-0.0432951686570686,0.296,-0.056257588196106,0.0032682728993671,4.488564069109749e-05,0.0004367250004045
SST,0.4523809523809524,-0.044966908565147,0.3236842105263157,-0.0618778055708665,0.0033099367564692,3.729806200201009e-05,0.0003796494112407
SST,0.2692307692307692,-0.0446964279291439,0.3357142857142857,-0.0591981871230564,0.003132584708345,4.309119485324557e-05,0.0003808110478261
EXC,0.8833333333333333,-0.0405404929034093,0.9103773584905664,-0.0622221458252819,0.00564397271415,5.491006425611093e-05,0.0007037287016076
EXC,0.6833333333333333,-0.0386858385418677,0.8731707317073172,-0.0604484697967275,0.0057743315360762,6.532268632115289e-05,0.0007453119428868
EXC,5.175,-0.0377368463839821,0.8471014492753621,-0.0514795924766353,0.0048946797204257,7.827290398216156e-05,0.0006653690771772
EXC,3.883333333333333,-0.0367152826292095,0.8521459227467811,-0.0520195518457213,0.0050403057965646,7.226428098111791e-05,0.0006852793274653
EXC,3.45,-0.0396962561022403,0.9695652173913044,-0.0534186555545901,0.0052514859353724,5.4861674772280507e-05,0.0007385562144461
EXC,0.0526315789473684,-0.041090958795185,0.85,-0.0670417260277844,0.0045124808936654,6.0368827120660966e-05,0.0005741272343919
EXC,1.0789473684210529,-0.03840935676145,0.8500000000000001,-0.06013350067768,0.0055781800788941,6.806851030668772e-05,0.0006863043681628
EXC,0.6666666666666666,-0.0385554581522084,1.1386363636363634,-0.0569083319139699,0.004307987509105,4.182295634389138e-05,0.0005335396583557
EXC,1.05,-0.0377758283439277,1.093650793650793,-0.0539420619218142,0.0042353075041162,4.681622194521697e-05,0.0005193447173718
EXC,0.9666666666666668,-0.0376484320614445,1.0784482758620688,-0.0542935712800739,0.0041801513787932,4.609261750474263e-05,0.0005123136490086
EXC,0.7333333333333333,-0.0373477249799039,1.0636363636363635,-0.0562650259075314,0.0045830066573722,5.0528458439383285e-05,0.000554944255687
EXC,0.3333333333333333,-0.0409966361800912,0.6,-0.0696723877865079,0.0058062205575889,7.290628284695061e-05,0.0006705395017302
EXC,5.45,-0.0384600037619988,0.9827217125382264,-0.054420594028291,0.0060418865340027,7.504172014644953e-05,0.0007920576709615
EXC,2.2333333333333334,-0.0407880897640146,0.6649253731343283,-0.0626233285367169,0.0062923568651535,6.732335346675885e-05,0.0009131681981143
EXC,2.3833333333333333,-0.037216601434092,0.7167832167832168,-0.053786755017697,0.0044497025378112,5.586852569399204e-05,0.0005643206301097
EXC,3.6666666666666665,-0.0389903804345343,0.6838842975206612,-0.0545905587806161,0.0047377724986952,6.200237992378707e-05,0.0005853101937443
EXC,1.3,-0.0363422821339453,0.9070512820512824,-0.052790485611718,0.0039343759622722,4.565266245415072e-05,0.0005102887562445
PV,15.0561797752809,-0.0458678768889115,0.3164179104477612,-0.060553328044191,0.0082040869853439,7.819792759449018e-05,0.0011452131000079
PV,29.116666666666667,-0.034256719575674,0.5819690898683456,-0.0439541099836736,0.0064931772762682,0.0001129791416449,0.000800283428896
PV,31.383333333333333,-0.0353806032279257,0.6248805098247477,-0.0440252143029222,0.0055093277341532,0.0001258579683428,0.0006881257831552
PV,11.588235294117649,-0.0430287977026295,0.2685279187817258,-0.0579059727884543,0.0067835879238163,8.489403785142758e-05,0.000934329360814
EXC,1.34375,-0.0401444191354944,0.694186046511628,-0.061951951886977,0.0058120522472944,5.928178786793392e-05,0.0007155027250168
EXC,5.466666666666667,-0.0426012734387214,1.021341463414634,-0.0555526084852992,0.0070597870073624,5.133236265943298e-05,0.0010158566688055
EXC,3.25,-0.0407827843779908,0.9705128205128204,-0.0555977735180265,0.0070484310312692,4.726021672867287e-05,0.0009418176476039
SST,3.8,-0.0403254101658913,0.4668859649122808,-0.0540154026954672,0.0048554825638913,7.334798528278831e-05,0.0005566085946828
SST,12.55,-0.0410183417468847,0.6907038512616203,-0.047886832462831,0.0042170917796365,4.645162473351108e-05,0.0004955626778302
SST,5.3,-0.0412505898160521,0.460062893081761,-0.0501229266094522,0.0043490275642686,3.822303118422159e-05,0.0006399452395942
SST,6.733333333333333,-0.0395823192217562,0.493440594059406,-0.0477276252747349,0.0036749898066109,4.268172032207302e-05,0.0004760785530386
SST,1.715686274509804,-0.0472037446004779,0.3342857142857142,-0.0580955810204888,0.002793262765734,5.657624840878235e-05,0.0003373135274961
SST,7.8,-0.0430751841362765,0.3889743589743589,-0.0520935241139707,0.0034476639004712,6.177408629233933e-05,0.0003714700293155
SST,7.333333333333333,-0.0454739022674278,0.4154545454545455,-0.0549856254001942,0.0033702232318198,6.169577116928397e-05,0.0003751893627193
SST,7.28,-0.0451885782681123,0.4046703296703297,-0.0549572124324952,0.003444669865534,6.208294824429204e-05,0.0004236943356695
EXC,7.6,-0.0365210027217797,0.9361842105263158,-0.0499422438224911,0.0057536979813869,7.537410018030195e-05,0.0007718699187672
EXC,1.7833333333333334,-0.0360819654154351,0.8116822429906544,-0.055310787852345,0.0062399164579035,5.1910988268008514e-05,0.0008940652365406
PV,14.125,-0.0408161365062855,0.243362831858407,-0.0574459459652384,0.0066284416706729,0.0001016626705203,0.0008594923337092
PV,187.38333333333333,-0.0447417932298787,0.3334296895846304,-0.0517384232978011,0.0053678642873444,5.537765903895164e-05,0.0006409518873612
PV,12.627737226277372,-0.0439161236939338,0.2699421965317918,-0.056398486380674,0.0051298102210085,0.0001063180989855,0.0004905849333708
PV,24.88888888888889,-0.0430441757995295,0.2674107142857142,-0.0545962160182514,0.0054049110613912,0.0001099219208746,0.0004802393676309
PV,9.533333333333331,-0.0414955705909424,0.213111888111888,-0.0580490352647492,0.0053890939916098,9.641827940554588e-05,0.0005968479976214
PV,15.064516129032258,-0.039952329619918,0.2295503211991435,-0.0556413358659828,0.0061409561632162,9.740727880564042e-05,0.0006384150582988
PV,14.8125,-0.0412216075526507,0.2518987341772152,-0.0533295835576264,0.0054117444527416,8.47660397512262e-05,0.0007057048167311
PV,2.083333333333333,-0.0427049063230533,0.2763999999999999,-0.0562344948653718,0.0035257971879181,5.6172767803261566e-05,0.0003813599693015
SST,1.21875,-0.0456602019649498,0.317948717948718,-0.0607944515928836,0.0037672098603282,7.43932003644588e-05,0.0004478365099522
SST,2.2,-0.0448100800155892,0.3223484848484848,-0.0592227055984277,0.0039649625935221,7.762904450776576e-05,0.0004841797231942
SST,2.2,-0.0392969098398769,0.4712121212121213,-0.0488679234936705,0.0036043649707376,3.063278507124016e-05,0.0003841666953968
VIP,34.70967741935484,-0.0308644241142626,0.9792750929368028,-0.0398980436917314,0.0100832003216747,0.0001027143571216,0.0009089869490855
VIP,20.475,-0.0287586384564868,1.1405982905982903,-0.0364661436276643,0.0102946141324165,0.0001063545186846,0.0009413178482148
VIP,26.77142857142857,-0.0377863322754831,0.6136606189967982,-0.0454458436486276,0.0056744711787972,7.87107562959701e-05,0.0007068898473244
EXC,1.0,-0.0406599948783012,0.6935483870967741,-0.0658286418015472,0.0055051121427734,5.434673473788523e-05,0.0006988445396809
EXC,1.4166666666666667,-0.0393270201234421,0.7935294117647057,-0.0630466741777804,0.0063028553277176,6.140761314264542e-05,0.0007288625571349
EXC,0.4833333333333333,-0.0416904459822495,0.867241379310345,-0.0632901973251039,0.0043495686402289,5.277518764411275e-05,0.0005584244439652
EXC,0.65,-0.0391180173369967,0.8653846153846154,-0.0577435699411806,0.0040909175181704,5.559895063736761e-05,0.0004683860706135
EXC,0.95,-0.0321338053931225,0.8719298245614034,-0.055658089698021,0.0062360788922227,6.693921293262519e-05,0.0008693150644118
EXC,0.85,-0.0312053768299246,0.8245098039215687,-0.0547861735442981,0.0058852608240577,7.063624636549626e-05,0.0008045685637341
EXC,2.1,-0.0375624356485937,0.786111111111111,-0.0582731592711314,0.0063739297627527,5.288109113727104e-05,0.0007745767571784
EXC,1.8571428571428568,-0.0408122515083981,0.9932692307692306,-0.0561888469921676,0.0052077270205068,9.013557331602758e-05,0.0006352355782652
EXC,0.875,-0.0407947511777321,0.6089285714285715,-0.064377764731114,0.0059475022780538,7.018338664693038e-05,0.0007630806206011
VIP,1.9333333333333331,-0.0438542564310344,0.6943965517241381,-0.0568081186458391,0.0041831622759318,3.990499562896595e-05,0.0005738325236762
VIP,4.0,-0.044572760525,0.7583333333333333,-0.0557628355534075,0.0040769970714094,4.48947265128113e-05,0.0005130025851376
VIP,4.816666666666666,-0.0451491781730103,0.8140138408304497,-0.055771896282732,0.0043063062228958,4.680573087449791e-05,0.0005858008396166
VIP,9.133333333333333,-0.0460632983102189,0.7797445255474452,-0.0546593509774517,0.0035324323759214,5.795509998943801e-05,0.0004484560356457
VIP,11.283333333333331,-0.0455883723737075,0.8053914327917282,-0.0536727331111971,0.0034902386833031,6.233255619201588e-05,0.000441245316174
VIP,1.3,-0.0415609773974358,0.971794871794872,-0.0492367860783881,0.0023492019868502,2.8512290348297973e-05,0.0002278552559576
VIP,7.033333333333333,-0.0392501628341232,0.9165876777251184,-0.0459040173071785,0.0030834579729494,4.9766213986389214e-05,0.0003346340720889
VIP,8.466666666666667,-0.0386867986968504,0.9173228346456692,-0.045323435260813,0.0031346721566654,5.1930031214091607e-05,0.0003386127189887
VIP,10.35,-0.0379124345909822,1.0112721417069244,-0.0442412664152561,0.0034273891474448,5.734713373033367e-05,0.0003785214029742
VIP,8.7,-0.0386891822816091,0.9732758620689654,-0.0454403565002986,0.0034501338122893,5.495929898375221e-05,0.0003775119744762
VIP,0.0,0.0,0.0,-0.0586634788157016,0.0010639932495174,1.2916278766567343e-05,8.738488769686284e-05
VIP,0.1,-0.0445432278333333,0.5666666666666665,-0.0594469978653879,0.0020031772851391,1.970871880552753e-05,0.0002244594962751
VIP,4.483333333333333,-0.0441684828513011,0.6620817843866171,-0.0561603881545576,0.0037084015590107,3.814267060913813e-05,0.0004918323515748
VIP,8.783333333333333,-0.0436943724667931,0.7558823529411763,-0.052908543485895,0.0036336610249062,5.080165129832445e-05,0.0004807913256484
VIP,0.0,0.0,0.0,-0.0548718521910366,0.000883698498722,1.4428661543224158e-05,0.0001065277884617
VIP,0.0,0.0,0.0,-0.0545142709802391,0.0012121967359052,1.843219666013436e-05,0.0001620570023088
VIP,0.0,0.0,0.0,-0.0540291181701866,0.0012482503514227,2.0288205250534724e-05,0.0001554594648183
VIP,0.0,0.0,0.0,-0.052802054665945,0.0010734152545152,1.895905050761828e-05,0.0001219688462743
VIP,0.0,0.0,0.0,-0.0533057842807108,0.0014346589997611,2.1155011049521395e-05,0.0001673692859401
VIP,0.0,0.0,0.0,-0.0534108325529975,0.0014800224464963,2.139912065010501e-05,0.000187242014307
VIP,0.0,0.0,0.0,-0.0537323684065866,0.0012500117346233,2.039036089322362e-05,0.0001319710346622
VIP,0.0,0.0,0.0,-0.0526874321392524,0.0016420473928033,2.1113800714542125e-05,0.0001856281281693
VIP,0.0,0.0,0.0,-0.0530872085621175,0.0012692907651169,1.9598274120366537e-05,0.0001398610013548
VIP,0.0,0.0,0.0,-0.0520102466569991,0.0013164685830483,1.939690113710028e-05,0.000156831312895
VIP,0.0,0.0,0.0,-0.0510836910364975,0.0013493267125147,1.9419134907773343e-05,0.0001550851352679
VIP,0.0,0.0,0.0,-0.0500361499451233,0.0013970642719513,1.8564093704075207e-05,0.0001564000032764
VIP,0.0,0.0,0.0,-0.0479415781682675,0.0013106929314472,1.9353777059957378e-05,0.0001562404266671
VIP,0.05,-0.0351666659999999,0.5333333333333333,-0.0474210904367908,0.0014533179515071,2.0968165954173373e-05,0.0001544936748393
VIP,0.0,0.0,0.0,-0.0467119391229408,0.001463086422274,1.920566618827388e-05,0.0001495050006477
VIP,0.0333333333333333,-0.035745313,0.525,-0.0456478131129396,0.0015443619658736,1.9424468883809843e-05,0.0001623921917307
VIP,1.1333333333333333,-0.0469153951617647,0.6294117647058823,-0.0571248324214308,0.0029865260268403,2.9659979593039245e-05,0.0003399361169095
VIP,7.533333333333333,-0.0454179825730088,0.7243362831858406,-0.0519750945227325,0.0030141564374192,4.7880228834397946e-05,0.0003445474102867
VIP,8.483333333333333,-0.0455603449960707,0.7444007858546169,-0.0521578238751112,0.0031899493161374,5.1979600220981205e-05,0.0003576366659109
VIP,10.766666666666667,-0.0444815209226006,0.8095975232198143,-0.0505728784698031,0.0029159194364196,5.995415381334777e-05,0.0002856234806389
VIP,1.4666666666666666,-0.0464203834886363,0.70625,-0.05676776515403,0.0031158245230966,3.157323118896239e-05,0.0003084277161017
VIP,9.333333333333334,-0.0454260882178571,0.8070535714285714,-0.0532425871028991,0.0046397166634475,4.773974168427836e-05,0.0005604368571644
VIP,14.816666666666666,-0.0447962739055118,0.9003937007874017,-0.0518653705682061,0.0050578210250654,5.40207137913082e-05,0.0006300547100256
VIP,3.6,-0.0414850547731481,1.1226851851851851,-0.0534865900673608,0.0055749663430011,3.860579573672141e-05,0.000705407788081
VIP,5.716666666666667,-0.0408048104985422,1.3826530612244898,-0.0526649956319312,0.0062547989927149,4.13118197160292e-05,0.0007721380567498
VIP,5.416666666666667,-0.0408552211230769,1.309076923076923,-0.0529279457539241,0.0065783783894712,4.171056948025981e-05,0.0008277187465777
VIP,6.166666666666667,-0.0407845270837837,1.3756756756756756,-0.0511604373533308,0.006084176270027,4.077668968359069e-05,0.0007929711937573
VIP,7.316666666666666,-0.0420140874738041,1.25375854214123,-0.0528961602146758,0.006579580219618,4.258634023770952e-05,0.0008264673735647
VIP,2.95,-0.0398501412768361,0.9573446327683616,-0.0556987313370916,0.0058046397364726,3.578517500999696e-05,0.0005633933784445
VIP,5.133333333333334,-0.0396559659188311,0.8693181818181818,-0.0540359890127148,0.006702626966131,4.275444959126064e-05,0.0006435586424272
VIP,5.666666666666667,-0.0402775549352941,0.950441176470588,-0.0543926832676108,0.0066399122576255,4.316128317238137e-05,0.0006446025195363
VIP,8.233333333333333,-0.0405058135850202,1.1770242914979758,-0.0513456229140366,0.0062857905583194,4.5258877754332e-05,0.0006285771756742
VIP,9.416666666666666,-0.0398554479238938,1.0559292035398231,-0.0503815993262131,0.0062899540976618,5.251154061530773e-05,0.0006145635962084
VIP,1.3,-0.0367490383333333,2.139102564102565,-0.0556870220098961,0.0071621093684036,3.0402345020816954e-05,0.0009193643767818
VIP,2.45,-0.0353768495306122,2.4459183673469385,-0.0535568776382545,0.0080311242159281,3.057107762870438e-05,0.001150380451208
VIP,1.7166666666666666,-0.0352977851165048,2.294174757281554,-0.0535648835589712,0.0078219067083829,2.7632860001194376e-05,0.0009919565519589
VIP,1.3666666666666667,-0.034802744,2.5347560975609755,-0.0529738050282166,0.0073798560524274,2.7584104816695307e-05,0.0009834443426026
VIP,1.4833333333333334,-0.0342760179662921,2.647752808988764,-0.052463734222145,0.0077354549808484,2.7644347395186665e-05,0.0010900740258905
VIP,1.3166666666666669,-0.0336561312911392,2.670886075949368,-0.0522553146744678,0.0076213562148159,2.6342512179659676e-05,0.0010143575171745
VIP,0.05,-0.0453302049999999,0.7333333333333334,-0.0582868049539221,0.0018251454455797,2.789925849767937e-05,0.0001933765620217
VIP,12.583333333333334,-0.0364111506900662,0.9766225165562914,-0.0504857609735341,0.0082523766897159,6.817546171451381e-05,0.0007701248027649
VIP,16.4,-0.0354623127256097,1.0078760162601623,-0.0477050370842845,0.0079978569297552,7.451934116710745e-05,0.0007748662947002
VIP,15.966666666666669,-0.0354688838235908,1.0410751565762004,-0.0479040723444362,0.0083253024053567,7.481430388518394e-05,0.000764108683409
VIP,9.55,-0.037644104530541,0.9280104712041884,-0.0510837789638391,0.0071962571855164,6.820485436604497e-05,0.0007863545706534
VIP,16.383333333333333,-0.0349223805147507,1.0765513733468972,-0.0475965589320737,0.0087339152327487,7.261555778163343e-05,0.0008163525964621
VIP,18.666666666666668,-0.0345447265026785,1.2578571428571428,-0.044188955651912,0.0072930598439389,7.671457620210736e-05,0.0007792920985396
VIP,22.562545715523903,-0.0323429814430894,1.5115853658536589,-0.0424933729498568,0.0088471601836455,8.216663707020282e-05,0.0007857016439533
PV,0.0,0.0,0.0,-0.0646017507345299,0.0027166279985689,5.1337976812958767e-05,0.0003039422263992
PV,22.6,-0.0431720340309734,0.3425884955752211,-0.0538089327422587,0.0055359604728067,0.0001043144977619,0.0008046286436259
PV,28.3,-0.044016950130742,0.378886925795053,-0.0536909655237774,0.0055579988582602,0.0001072570667912,0.000714113779865
PV,34.55,-0.0441167239059334,0.3861794500723589,-0.0529071116706075,0.0047499652797745,0.0001039111616515,0.0006260724643868
PV,40.3,-0.0445216113027295,0.4011786600496278,-0.0532791481141549,0.0054396473725226,0.0001061480810451,0.0007536815564801
PV,48.95,-0.0447130872717058,0.4132277834525026,-0.0527910545569524,0.0051439427794711,9.688084481168092e-05,0.000642540146451
PV,18.75,-0.040905100056,0.5329333333333333,-0.0494695756021162,0.0050340242720748,0.0001043210763917,0.0006543757317292
PV,12.65,-0.0438178606403162,0.4357707509881423,-0.0557856368476687,0.005858891244294,0.0001011145585438,0.0008138573472514
PV,22.9,-0.0444141647969432,0.4951965065502183,-0.0551195435108449,0.0060345343796764,0.0001115984986776,0.0008017864524949
PV,25.95,-0.0453816353236994,0.5672447013487475,-0.0565198444039725,0.0067879904813988,0.0001061089935139,0.0009106967856202
PV,18.35,-0.0438488420163487,0.3491825613079019,-0.0549081440699837,0.0070211043681009,8.645590301530303e-05,0.0010642524122172
PV,30.75,-0.0426897612780487,0.4255284552845529,-0.0509884636085962,0.0061492963249812,9.182629515170182e-05,0.0008243187081854
PV,38.95,-0.042971971254172,0.4595635430038511,-0.0506577893520887,0.0064643127766298,8.992542102339503e-05,0.0008443887154767
PV,43.2,-0.0421088071076388,0.4219328703703704,-0.0490955267101012,0.00515666702807,8.82836971508509e-05,0.0006889138515314
PV,36.05,-0.0420137222316227,0.4210818307905687,-0.0508634529639137,0.0069442524833439,9.21675530041655e-05,0.0009155369979483
PV,15.7,-0.0428527070477707,0.4299363057324841,-0.0533347574216775,0.005888487589002,9.662551501433956e-05,0.0008298805815014
PV,28.6,-0.0406503441451049,0.3745629370629371,-0.0507601199921825,0.0062427097134781,0.0001062960028566,0.0007700567159601
PV,27.8,-0.0402123707553956,0.3697841726618705,-0.0500229449682437,0.0058286210549569,0.0001057139181463,0.0006468164560007
PV,30.85,-0.0400351853857374,0.3980551053484603,-0.0485962435119962,0.0044515768356724,0.0001058916789052,0.0005533090330528
PV,32.85,-0.0392806174018264,0.3898782343987823,-0.0491793968099637,0.0060106495118608,0.0001069921610961,0.000773033669787
PV,40.85,-0.0383014649828641,0.4293145654834762,-0.0477868445672924,0.0064087791264072,0.0001068522935037,0.0008775361959154
PV,37.5,-0.0381280249839999,0.4091999999999999,-0.0470128254815139,0.0051140736489021,0.0001073565750911,0.0005732086182526
PV,38.6,-0.0379288860492227,0.4187823834196892,-0.0484627739794049,0.0070005732240736,0.0001019860919031,0.0009593506708854
PV,42.9,-0.0372074046072261,0.4324592074592076,-0.0470734939112487,0.0066642623547138,0.0001012397655761,0.0008588764199208
PV,24.55,-0.0450803907515275,0.3409368635437881,-0.0551389318202137,0.0061035554082199,9.312297346058775e-05,0.0008657304130529
PV,29.95,-0.0450295022821368,0.3545909849749583,-0.0546745235660887,0.0060391125533616,9.280178446633538e-05,0.0007749154763542
PV,36.25,-0.0445864137724137,0.3812413793103448,-0.053238788190335,0.0058166504583518,9.175373012511308e-05,0.0007737219506179
PV,38.45,-0.0441729680559167,0.3728868660598179,-0.05327617337558,0.0065279482738941,8.664708037065489e-05,0.0007997059800897
PV,41.25,-0.0433886477127272,0.4061212121212121,-0.052205558430956,0.0062572626928958,8.691843925414782e-05,0.0008521415081233
PV,44.8,-0.0435618338426339,0.3968191964285715,-0.0513763699033362,0.0054769470119028,8.757930401524383e-05,0.0006532352626423
PV,53.5,-0.043051837071028,0.4185981308411216,-0.0507552683133862,0.0054449597926465,8.7713777685973e-05,0.0006764215786486
PV,48.95,-0.0431701002145045,0.3861593462717059,-0.0505272814065199,0.0047937725048513,8.899764152068376e-05,0.0005661216057605
PV,54.2,-0.043562211704797,0.4201107011070111,-0.050969091836738,0.0052704137969762,8.658922733426871e-05,0.0006830796458266
PV,52.45,-0.0429526930095328,0.4226406101048618,-0.051774782475945,0.0066100702848706,8.4027672456023e-05,0.0010011938735262
PV,28.9,-0.0440243079948096,0.4038927335640138,-0.0532734388462162,0.0057071303387438,8.823154895558715e-05,0.0008617101460602
PV,71.5,-0.039648946690909,0.3792307692307692,-0.0485443686196282,0.0065483830024887,8.307846242181156e-05,0.0008450106336631
PV,52.15,-0.0392626737881112,0.3824065196548418,-0.0480893564420225,0.0057066636781598,8.462032975126256e-05,0.0007861363384199
PV,60.6,-0.0385247653325082,0.3860973597359736,-0.0491919879187224,0.0075175412885184,7.889952804599073e-05,0.0010702814036414
PV,23.65,-0.0424536864841437,0.3985200845665962,-0.0524360880483987,0.0060273046562934,9.647497454051228e-05,0.0008158595031774
PV,29.2,-0.0413363923253424,0.3674657534246575,-0.05401280591098,0.0078779302063913,9.189132776643832e-05,0.0011219680728451
PV,24.2,-0.0411558496859504,0.3584710743801653,-0.0512562187029562,0.0057882122721606,9.945853535350286e-05,0.0007741243090003
PV,29.3,-0.041255956658703,0.3483788395904437,-0.0518428423332737,0.0067111946381325,9.636395943221282e-05,0.0008504301325769
PV,30.35,-0.041036223276771,0.3800658978583195,-0.0509251904827475,0.0061843662807949,9.38890203631424e-05,0.0008638945371199
PV,28.45,-0.0405323978927943,0.3428822495606327,-0.0509452564265337,0.0063819829741295,9.645664671136156e-05,0.0008376074792067
PV,29.4,-0.0403548416207483,0.3712585034013606,-0.0512642526326387,0.0072087415278569,9.589673865699607e-05,0.0009345258193388
PV,51.75,-0.0389427867835748,0.3701932367149758,-0.0481808697163162,0.0061827378171132,7.997455539138833e-05,0.0008182141274002
PV,48.15,-0.0399565452201453,0.3707165109034268,-0.049295995610565,0.0064475212644751,8.690763271741117e-05,0.0007638258189978
PV,41.85,-0.0399449446821983,0.3632616487455197,-0.0510994854388812,0.0075855182841383,9.055918558264048e-05,0.0010537978755429
PV,67.0,-0.0402441720708955,0.4115671641791045,-0.0491752411531662,0.0070832813561941,8.189477658817488e-05,0.0009417133674175
PV,64.8,-0.0401894483526234,0.3947145061728395,-0.0499463485316392,0.0075176079656416,8.206466598384493e-05,0.0009953299658062
PV,24.15,-0.0414465903416149,0.2843685300207038,-0.0531991587657374,0.0072641972121984,7.91288695406607e-05,0.0011111071558914
PV,49.75,-0.0411893843698492,0.2882914572864321,-0.0500600744791037,0.00581385134788,8.250822989109403e-05,0.0006808079636598
PV,30.6,-0.0402019915343137,0.2816993464052287,-0.0517013333363962,0.0073678242920277,8.37351026750441e-05,0.0010885296126711
PV,18.95,-0.04384651230343,0.3295514511873351,-0.0530383477616949,0.0047531506550826,9.474284681159488e-05,0.0006017269846785
PV,25.95,-0.0429764993236994,0.3466281310211945,-0.0521841044056337,0.0053578654334779,0.0001019656847408,0.0007488889718186
PV,30.7,-0.0421946814381107,0.363029315960912,-0.0520035715776325,0.0062643237855818,0.0001009002902909,0.0007857660337798
PV,35.55,-0.0423032260759493,0.3964135021097046,-0.0516797814979137,0.0065402229448834,9.977962934800712e-05,0.0008970277275325
PV,37.75,-0.0413256166927152,0.3918543046357615,-0.0504773896796687,0.0062668836303252,9.747366787228828e-05,0.0008523283513572
PV,42.4,-0.0414439858620283,0.4148584905660378,-0.05108818176982,0.0068716602517812,9.71807801065304e-05,0.0009984373831857
PV,39.15,-0.041276333083014,0.4352490421455939,-0.0499370841759462,0.0057238253100951,9.326306628158123e-05,0.0007141116716866
PV,50.7,-0.0413190119428007,0.4508382642998028,-0.0505645094622387,0.0069676201863528,8.822027143028372e-05,0.0009219419273239
PV,60.1,-0.0420195844816971,0.4670133111480865,-0.048770099360935,0.0050371261452999,8.66339121094608e-05,0.0006143381098623
PV,79.95,-0.0394950437992495,0.452720450281426,-0.0475851341644062,0.0067867981118339,7.795526354388731e-05,0.0009713628635229
PV,77.35,-0.040316441087912,0.480284421460892,-0.0481531919232036,0.0065919084143067,7.642624783869461e-05,0.0008624153449532
PV,24.75,-0.0399493749656565,0.3671717171717172,-0.0528207391495162,0.0071830601036357,9.574364624618708e-05,0.0006810441011178
PV,13.7,-0.038506797459854,0.3483576642335766,-0.0529988957697737,0.0067222225371295,7.754242914364858e-05,0.0006183031800136
PV,22.0,-0.0362427698681818,0.3069318181818181,-0.0502084119021974,0.0068726640323622,0.0001124175667751,0.0008669754862386
SST,0.0,0.0,0.0,-0.0594449713938475,0.00116584409034,1.279545628370297e-05,0.0001402709058303
SST,0.45,-0.0450357634444444,0.6111111111111112,-0.05745225517947,0.0034060580965635,3.154603453658796e-05,0.0004336974450706
SST,0.75,-0.0466737499333333,0.6533333333333334,-0.0581044854581425,0.0039537271713501,4.037583712305149e-05,0.0004408704515881
SST,9.25,-0.0405733951945945,0.7170270270270273,-0.0466349192924087,0.003301960797801,2.543813304717721e-05,0.0003817808792065
SST,5.7,-0.0404731084122807,0.8486842105263155,-0.0492857909395862,0.0041510166306868,3.033374452174561e-05,0.0004855452637368
SST,3.65,-0.0421984159178082,0.8294520547945204,-0.0506528018714862,0.0040510603666151,2.804292938804513e-05,0.0004005764414973
SST,3.65,-0.0432497433561643,0.7513698630136987,-0.0522947291816662,0.0039389271794655,2.976287505955769e-05,0.0004321971431331
SST,6.6,-0.0423931817424242,0.646590909090909,-0.0508742200514625,0.0033662410966484,3.611576674926818e-05,0.000417762237893
SST,6.25,-0.04211152488,0.704,-0.0508030682094124,0.0038178637918695,4.228356095174419e-05,0.0004160464065538
SST,0.0,0.0,0.0,-0.0679879320751999,0.0013387069394362,2.6600643615911312e-05,0.0001562331997089
SST,0.4,-0.0468988287499999,1.2062499999999998,-0.063170078875475,0.0036106719552855,7.309824413323007e-05,0.0004291651163293
SST,1.9,-0.0443541934210526,0.5328947368421053,-0.0611732894665375,0.0048411811348678,8.12173817142236e-05,0.0006587807345042
SST,1.3,-0.0458102169230769,0.5192307692307693,-0.06374797873,0.0047963657408432,7.868619089890083e-05,0.0005608744200326
SST,2.75,-0.0449553409090909,0.5336363636363637,-0.0621976125160499,0.0056759299984317,8.005369884516544e-05,0.0006158882826691
SST,0.1,-0.0469906249999999,0.475,-0.0596798624762999,0.0027944812415379,2.6606349793105917e-05,0.0004164513809844
SST,0.6,-0.0448799466666666,0.475,-0.061003879441925,0.0036121977930079,4.2233160632995065e-05,0.000505192779659
SST,0.8,-0.04663652375,0.525,-0.0604315485587249,0.0036892691729715,4.2544734888624656e-05,0.00050756236942
SST,1.45,-0.0396505386896551,0.6482758620689654,-0.0528481564457774,0.0041035349332101,5.8825328218414e-05,0.0004451985908155
SST,2.5,-0.03844468726,0.681,-0.0523400977372912,0.0051440004428828,6.684340902857507e-05,0.0005354362578176
SST,2.75,-0.0381121022545454,0.6872727272727274,-0.0503803849877075,0.0043182673390819,6.763497981473198e-05,0.0004846172160169
SST,4.35,-0.0371178880114942,0.7327586206896552,-0.0483911913023562,0.0041858702414648,7.693490442512361e-05,0.0004958518397431
SST,3.15,-0.0371133432222222,0.7246031746031747,-0.0496219825811037,0.0045664058811361,7.229157603707343e-05,0.0004368344959374
SST,7.25,-0.0360345041655172,0.7841379310344827,-0.0475246977298887,0.0049303668953767,8.75721140155857e-05,0.0004947561669712
SST,6.05,-0.0354980888347107,0.8099173553719008,-0.0464050291189825,0.0045386252799501,7.933194370471882e-05,0.0004697837519367
SST,6.45,-0.0352490066821705,0.7755813953488373,-0.0461024768867687,0.0047679986233109,8.57147496399903e-05,0.0004409285268655
SST,0.5,-0.0403534381,1.505,-0.0613624993398962,0.006700533951344,4.380393124783948e-05,0.0008372146214715
SST,0.2,-0.04062500025,1.4499999999999995,-0.0624186795496099,0.006591762014588,4.604033802591697e-05,0.000951990756709
SST,0.5,-0.0402846873,1.47,-0.0610095118535787,0.0064383117348053,4.23172297772287e-05,0.0008507810779729
SST,0.75,-0.0400837504666666,1.4966666666666668,-0.0610445831226325,0.0058101171273533,4.346817176536642e-05,0.0007724794734119
SST,2.8,-0.0374246094642857,1.9821428571428568,-0.0568403923933937,0.0070413167125693,4.527844582839503e-05,0.0008393314635393
SST,1.75,-0.0454324109428571,0.5385714285714287,-0.0577579187429462,0.0038898261578628,6.23989636813002e-05,0.0004425197919394
SST,2.9,-0.0441977907068965,0.6120689655172413,-0.0551125730595475,0.0042426778423688,4.7640199463932206e-05,0.0004670812543143
SST,2.05,-0.044831935902439,0.5609756097560975,-0.0570697522748762,0.0039853841725678,5.936877815331815e-05,0.0004806327109075
SST,2.8,-0.0445546315714285,0.5758928571428571,-0.0568216476399037,0.0042703888483898,5.9852747832893656e-05,0.0005035729825067
SST,3.55,-0.0448823942676056,0.6309859154929578,-0.0548072418692562,0.0041393476589795,5.82883296937956e-05,0.0004946085911563
SST,10.95,-0.0429744293105022,0.6175799086757989,-0.0523574293795749,0.0050214956269075,8.626457713115348e-05,0.0006369609963612
SST,11.05,-0.0433595305294117,0.6002262443438913,-0.0531288975450462,0.0047843433763777,0.0001047823114619,0.000538071872936
SST,13.8,-0.0418679912789855,0.6153985507246377,-0.05037559279252,0.0049442863227364,9.01456815870018e-05,0.0006111836221519
SST,14.0,-0.0403846763285714,0.6201785714285716,-0.0489263032349512,0.0050397938459925,8.263084499333328e-05,0.0006386849467233
SST,14.2,-0.0404140625105633,0.6288732394366198,-0.0488763918529462,0.004922714863688,9.296803593089988e-05,0.0005976193717229
SST,16.05,-0.0394401479501557,0.6657320872274143,-0.0475322184863262,0.005216172680878,8.576333174659035e-05,0.0006109219289019
SST,14.75,-0.0392420762135593,0.666949152542373,-0.0473123022850974,0.0051507983426007,8.350413542304015e-05,0.0006082817263198
SST,15.1,-0.0386607927218543,0.6701986754966888,-0.0465849931214062,0.005128923992751,8.249503427030681e-05,0.0006118203543565
SST,17.3,-0.038883661517341,0.663150289017341,-0.0465359309663374,0.0051882449130666,9.445009939532264e-05,0.0006331073210001
SST,13.15,-0.0395743344676806,0.640874524714829,-0.0480865346214295,0.0048610585719376,8.441682554767815e-05,0.0006498259533784
SST,16.95,-0.0382812777109144,0.6792035398230089,-0.04711309139964,0.005968389157124,9.036832392288922e-05,0.0007203918003179
SST,13.6,-0.0394495749338235,0.6487132352941177,-0.0476399379470925,0.0050301032971996,8.614762067416721e-05,0.0005843348540994
SST,17.6,-0.0386585315511363,0.6785511363636364,-0.0464528158336012,0.0053919509276649,8.849044534000561e-05,0.000682236191868
SST,2.7,-0.0463312496296296,0.5888888888888889,-0.0572899923735712,0.0037020507484456,5.466872745121421e-05,0.0004971367301664
SST,3.5,-0.0458297766285714,0.6007142857142859,-0.0562220380361387,0.0035681010922685,5.272001798649651e-05,0.000450737978033
SST,2.55,-0.046564522,0.5901960784313726,-0.05720127821743,0.0035947670281325,5.765460173301847e-05,0.0004592132007448
SST,5.45,-0.0463618979449541,0.6064220183486237,-0.0564133386584112,0.0038552107027549,6.57902369482819e-05,0.0005089364061376
SST,5.25,-0.0479456251809523,0.671904761904762,-0.0574731633648549,0.0036834464581426,5.710305327466717e-05,0.0004928740032095
SST,5.95,-0.0467432773109243,0.5819327731092434,-0.0574420823403675,0.004237783253368,7.27346314616285e-05,0.0005604407901449
SST,5.8,-0.0476753502241379,0.6301724137931036,-0.0565568277203912,0.0037358164534975,6.377945282874382e-05,0.0005075785473444
SST,7.3,-0.0483276326986301,0.5804794520547946,-0.0576618399137437,0.0042041948057929,6.485095642641916e-05,0.0005397357749681
SST,5.95,-0.0482642593193277,0.5693277310924367,-0.0581108932591249,0.0040046989389314,7.120898532598428e-05,0.0005408580385868
SST,6.15,-0.0481791666829268,0.5902439024390242,-0.0574262022150412,0.00390477720362,6.280887366800487e-05,0.0004865221723222
SST,5.75,-0.0484101901565217,0.594782608695652,-0.0571271560674487,0.0037448844867721,6.14486069747658e-05,0.0004673176747979
SST,7.75,-0.047838588948387,0.5816129032258064,-0.0578625039158012,0.004461728393153,7.709440976202314e-05,0.0005261092294665
SST,6.15,-0.0486952490243902,0.5772357723577234,-0.0586199641729087,0.0040360158124971,7.084796971921761e-05,0.0005037070788625
SST,7.6,-0.0480346216315789,0.5634868421052631,-0.0563207201300149,0.0036435191682828,6.796809365119521e-05,0.0004887021363721
SST,6.65,-0.0479321193909774,0.569548872180451,-0.0570845693909524,0.0038633923375641,6.467048445943377e-05,0.0005149348577179
SST,7.35,-0.0475832908503401,0.5870748299319727,-0.0564758044820987,0.0036875655315911,5.955034314992589e-05,0.0005044031643118
SST,7.8,-0.0477283253653846,0.5833333333333333,-0.05683158608166,0.0040447786081621,6.947445549514805e-05,0.0004610091468999
SST,7.3,-0.0475752781917808,0.584931506849315,-0.05674539983948,0.004070847612211,6.697364087112929e-05,0.0005058063663255
SST,5.65,-0.0484237279823008,0.5761061946902654,-0.0573755196178262,0.0038885722536413,6.50407199482206e-05,0.0005004665131981
SST,7.85,-0.0475155653566879,0.5770700636942675,-0.0573817535031412,0.0043197244753836,8.275597675163864e-05,0.0005325681034967
SST,7.45,-0.0478024747919463,0.5651006711409395,-0.0564051121508762,0.0038544254826646,5.655673321586176e-05,0.0005150204060756
SST,7.3,-0.0475693065547945,0.5684931506849316,-0.0565871292848037,0.0037770254638853,6.91358760064495e-05,0.0004908420704443
SST,6.6,-0.0479916904166666,0.5640151515151515,-0.0566330523384975,0.0037515348045684,6.576900520898319e-05,0.0004380178187069
SST,6.8,-0.0474268383823529,0.5786764705882352,-0.0568268596163462,0.004174846991598,7.113256066845769e-05,0.0005142967668112
SST,7.5,-0.0474000624066666,0.5896666666666666,-0.0560107315615675,0.0040382303001768,6.679386057048206e-05,0.0004596225492249
SST,5.5,-0.048279374990909,0.5804545454545452,-0.0569180120765049,0.0035254566263307,5.397089083206787e-05,0.0004301449741035
SST,7.15,-0.047629436090909,0.5916083916083915,-0.0567802647968212,0.0040545594434701,7.264220099825886e-05,0.0004688852071276
