cell_type,firing_rate,ap_threshold,ap_duration,mean_vm,std_vm,fft_low,fft_high,Cell_APThreshold_Slope,Cell_Depth,Cell_Layer
EXC,0.875,-0.04079475117773216,0.6089285714285715,-0.06437776473111408,0.005947502278053861,0.0007630806206011712,7.018338664693038e-05,25.0,390.0,L4
EXC,1.8571428571428572,-0.040812251508398185,0.9932692307692306,-0.05618884699216763,0.005207727020506803,0.0006352355782652452,9.013557331602758e-05,10.0,432.0,L4
EXC,2.1,-0.03756243564859375,0.786111111111111,-0.05827315927113142,0.006373929762752708,0.0007745767571784868,5.288109113727105e-05,15.0,460.0,L4
EXC,0.9,-0.03169538079383467,0.8495370370370371,-0.055222131621159576,0.006060669858140233,0.0008369418140729768,6.878772964906073e-05,15.0,380.0,L4
EXC,0.5666666666666667,-0.040215082494531026,0.8661764705882352,-0.060516883633142275,0.004220243079199722,0.0005134052572894058,5.4187069140740186e-05,20.0,391.0,L4
EXC,1.2747252747252746,-0.03968324613551654,0.7668103448275864,-0.06443765798966383,0.005903983735245558,0.0007188565513169434,5.905398700772535e-05,20.0,351.0,L4
VIP,26.771428571428572,-0.03778633227548316,0.6136606189967982,-0.04544584364862761,0.005674471178797295,0.0007068898473244111,7.87107562959701e-05,10.0,180.0,L2/3
VIP,26.690140845070424,-0.029954324666390145,1.0489973614775725,-0.038182093659697894,0.010188907227045614,0.0009274617485880049,0.00010479444944334142,20.0,204.0,L2/3
SST,2.2,-0.03929690983987691,0.4712121212121213,-0.04886792349367053,0.0036043649707376306,0.0003841666953968549,3.063278507124017e-05,15.0,457.0,L4
SST,1.858695652173913,-0.045003967477724095,0.3213450292397661,-0.06000857859565572,0.0038660862269251977,0.00047153860554486536,7.65035335013981e-05,25.0,421.0,L4
PV,2.0833333333333335,-0.04270490632305334,0.2763999999999999,-0.05623449486537189,0.0035257971879181903,0.000381359969301534,5.6172767803261566e-05,25.0,481.0,L4
PV,14.8125,-0.0412216075526507,0.2518987341772152,-0.05332958355762644,0.005411744452741634,0.0007057048167311872,8.476603975122618e-05,25.0,455.0,L4
PV,12.344262295081966,-0.04053847426495521,0.2233067729083666,-0.05684518556536606,0.005765025077413024,0.0006176315279601461,9.691277910559315e-05,35.0,474.0,L4
PV,15.65934065934066,-0.04357346346876446,0.26894736842105266,-0.055497351199462794,0.005267360641199899,0.00048815068260852604,0.00010716605707708944,40.0,390.0,L2/3
PV,127.1195652173913,-0.0445900705416304,0.3299486960239418,-0.05459218463151978,0.005998152979008677,0.0007169659556562051,7.147679346727269e-05,30.0,465.0,L4
EXC,4.11,-0.03640670347170952,0.903771289537713,-0.05262651583741809,0.005996807219645231,0.0008451871094313024,6.129623303292587e-05,15.0,460.0,L4
SST,7.3090909090909095,-0.04534472573042432,0.41057213930348263,-0.054971418916344744,0.0034074465486769465,0.00039674712847499727,6.186784986928757e-05,20.0,467.0,L4
SST,7.8,-0.04307518413627657,0.38897435897435895,-0.05209352411397072,0.0034476639004712307,0.0003714700293155092,6.177408629233933e-05,20.0,434.0,L4
SST,1.715686274509804,-0.04720374460047799,0.33428571428571424,-0.05809558102048883,0.002793262765734079,0.0003373135274961864,5.657624840878235e-05,15.0,374.0,L2/3
SST,6.016666666666667,-0.040317097682955806,0.47873961218836564,-0.04892527594209359,0.004012008685439766,0.0005580118963164321,4.0452375753147305e-05,10.0,199.0,L2/3
SST,12.55,-0.041018341746884734,0.6907038512616203,-0.047886832462831076,0.0042170917796365325,0.0004955626778302767,4.6451624733511084e-05,10.0,167.0,L2/3
SST,3.8,-0.0403254101658913,0.4668859649122808,-0.05401540269546727,0.004855482563891311,0.0005566085946828976,7.334798528278829e-05,20.0,169.0,L2/3
EXC,4.358333333333333,-0.04192325170479704,1.0023900573613767,-0.05557519100166291,0.007054109019315841,0.000978837158204724,4.929628969405292e-05,10.0,570.0,L5
EXC,1.34375,-0.0401444191354944,0.694186046511628,-0.061951951886977046,0.00581205224729446,0.0007155027250168624,5.928178786793392e-05,20.0,435.0,L4
PV,11.588235294117647,-0.043028797702629566,0.2685279187817258,-0.05790597278845436,0.006783587923816347,0.0009343293608140802,8.489403785142756e-05,20.0,264.0,L2/3
PV,30.25,-0.034839714869665785,0.6042286501377411,-0.04398966214329793,0.006001252505210762,0.0007442046060256626,0.00011941855499390511,20.0,185.0,L2/3
PV,15.0561797752809,-0.04586787688891156,0.3164179104477612,-0.060553328044191085,0.008204086985343985,0.0011452131000079574,7.819792759449016e-05,20.0,269.0,L2/3
EXC,1.3,-0.03634228213394534,0.9070512820512823,-0.05279048561171809,0.003934375962272224,0.000510288756244567,4.565266245415073e-05,15.0,449.0,L4
EXC,2.838709677419355,-0.03802958347596144,0.7017045454545454,-0.0541886568991566,0.004593737518253245,0.0005716213478956837,5.8002040208703356e-05,15.0,449.0,L4
EXC,2.2333333333333334,-0.040788089764014636,0.6649253731343283,-0.06262332853671697,0.006292356865153562,0.0009131681981143071,6.732335346675887e-05,15.0,444.0,L4
EXC,5.45,-0.03846000376199888,0.9827217125382264,-0.054420594028291,0.006041886534002755,0.0007920576709615511,7.504172014644953e-05,10.0,415.0,L4
EXC,0.3333333333333333,-0.04099663618009124,0.6,-0.06967238778650793,0.005806220557588966,0.0006705395017302831,7.290628284695061e-05,20.0,440.0,L4
EXC,0.8779342723004695,-0.03772730600906736,1.0871657754010695,-0.055352247755847406,0.004326613262346725,0.000529572765997368,4.690836073757122e-05,10.0,500.0,L4
EXC,1.0789473684210527,-0.03840935676145006,0.8500000000000001,-0.06013350067768005,0.0055781800788941484,0.0006863043681628482,6.806851030668772e-05,20.0,432.0,L4
EXC,0.05263157894736842,-0.041090958795185026,0.85,-0.0670417260277844,0.004512480893665419,0.0005741272343919691,6.036882712066096e-05,10.0,430.0,L4
EXC,3.45,-0.03969625610224038,0.9695652173913043,-0.05341865555459011,0.005251485935372496,0.0007385562144461322,5.4861674772280507e-05,10.0,425.0,L4
EXC,4.4,-0.03719588194111394,0.8497727272727272,-0.051749572161178314,0.004967492758495217,0.0006773152273501458,7.466773018153537e-05,10.0,425.0,L4
EXC,0.7833333333333333,-0.03973154791592843,0.8941489361702128,-0.06133530781100473,0.0057091521251131545,0.0007245203222472407,6.011637528863192e-05,10.0,410.0,L4
SST,0.38235294117647056,-0.04489408685545388,0.3269230769230769,-0.06053799634696151,0.003221260732407148,0.0003800935664057508,3.951308338630601e-05,15.0,460.0,L4
SST,0.5952380952380952,-0.043295168657068686,0.296,-0.05625758819610608,0.0032682728993671277,0.00043672500040453703,4.4885640691097494e-05,20.0,469.0,L4
SST,8.305555555555555,-0.043835165915268204,0.4419732441471572,-0.05221706555359588,0.0033307373041975,0.00041169736233246805,5.3311247666567774e-05,15.0,525.0,L4
SST,5.541666666666667,-0.04483427677540529,0.4317669172932332,-0.05586360107995513,0.003421915621773985,0.00041661826494294416,6.303955301222407e-05,20.0,341.0,L4
SST,7.804347826086956,-0.04329519778331914,0.45320334261838446,-0.0524010808866898,0.003450801766309227,0.0003918022461732386,7.04927980727906e-05,15.0,425.0,L4
PV,49.9,-0.042633840191131214,0.23680694722778892,-0.05440378045486327,0.006485491488752567,0.0006924720541599458,0.00012976398100140066,30.0,448.0,L4
PV,24.933333333333334,-0.04431513109832564,0.23318850267379682,-0.056443371562086855,0.006522525515791341,0.0008936752128641056,9.630564858346109e-05,30.0,448.0,L4
PV,28.90740740740741,-0.03944939877851173,0.37062780269058293,-0.04802449771318283,0.005077176716271666,0.0006442727147514805,8.831450336171869e-05,20.0,436.0,L4
SST,1.3870967741935485,-0.042345020112088655,0.40813953488372096,-0.05339005037708527,0.0031861115283201105,0.0003942945320682891,3.6355366640211064e-05,25.0,233.0,L2/3
SST,6.983333333333333,-0.04046095104075707,0.373508353221957,-0.055075555091603966,0.006662567791980077,0.000925701392578275,8.73990352491357e-05,25.0,211.0,L2/3
SST,6.970588235294118,-0.039366219626351694,0.49873417721518976,-0.05195659955138418,0.004926131779310382,0.0006302701147127709,0.00010219806627372388,20.0,245.0,L2/3
SST,3.1333333333333333,-0.04101182304416557,0.632313829787234,-0.050299613295492325,0.003522016218155274,0.0004409471899284928,3.978186851214738e-05,10.0,222.0,L2/3
EXC,0.54,-0.040316983608788735,0.6092592592592593,-0.06842977384567958,0.00709276949672708,0.0009543532489144442,9.193457669241401e-05,20.0,375.0,L2/3
SST,4.296551724137931,-0.04789063326642356,0.47134831460674154,-0.057838797637590374,0.0032671591092363734,0.00038633829700940076,5.2772694743796816e-05,15.0,463.0,L4
SST,30.384615384615383,-0.043171322131557874,0.26662447257383964,-0.056545463178566596,0.006885135540177149,0.0008925935137349856,8.90506514944637e-05,30.0,423.0,L4
SST,7.22,-0.043484164019331056,0.7049861495844877,-0.049940975894675305,0.003252999403803329,0.0003987257402597891,3.694890749166929e-05,15.0,443.0,L4
SST,3.4166666666666665,-0.039106793673896856,0.5219512195121951,-0.04896224178727741,0.0033804448124181504,0.00038612708395386344,6.929210153283073e-05,15.0,374.0,L2/3
PV,16.486486486486488,-0.04095919440695753,0.3110655737704918,-0.05709954928752552,0.00850303510379736,0.001172511501518069,9.554520332967328e-05,25.0,234.0,L2/3
EXC,0.26666666666666666,-0.040715854702491776,0.59375,-0.06491651751408513,0.005432571103387226,0.0006269795307475308,9.525088262168861e-05,15.0,400.0,L2/3
EXC,1.1515151515151516,-0.03974315726004981,0.5960526315789473,-0.06287801387784858,0.00584064045576893,0.0007782990174956584,7.084694426248524e-05,15.0,368.0,L2/3
PV,47.93333333333333,-0.03786374030928596,0.3629694019471488,-0.051129626806381376,0.007933245847151098,0.0010527981477198827,8.490126444233938e-05,25.0,338.0,L2/3
PV,35.13333333333333,-0.040879454995981265,0.3175521821631878,-0.0527119731222385,0.008342652002865334,0.0011437647744896035,8.868298616576572e-05,20.0,235.0,L2/3
PV,27.152173913043477,-0.0418812510102082,0.29643714971977575,-0.056117859777080295,0.008423947377069783,0.0012121719388329543,0.00010524353543488528,35.0,245.0,L2/3
PV,31.133333333333333,-0.04244514634191047,0.3375267665952891,-0.055894268414000886,0.008948975825341833,0.0012386959203409156,8.999902341963699e-05,25.0,240.0,L2/3
PV,36.04545454545455,-0.04154782196083467,0.31947036569987386,-0.054705002888786235,0.009963765155768578,0.0013892278624889358,9.625096149502702e-05,25.0,174.0,L2/3
PV,32.06666666666667,-0.03883668012525028,0.3491943866943866,-0.04891852686055873,0.0071521648621807425,0.0008327817452390417,0.00010266233333106445,25.0,172.0,L2/3
PV,18.483333333333334,-0.0395235539460406,0.46686203787195674,-0.05466928897768969,0.00976715450084831,0.0013420832615257483,9.566661603336257e-05,20.0,184.0,L2/3
PV,45.61666666666667,-0.041115759303020326,0.3320789185239313,-0.05208668313852995,0.007396784665849653,0.0010893736739220916,6.867213133926239e-05,25.0,245.0,L2/3
EXC,0.06666666666666667,-0.04353684712601149,1.0499999999999998,-0.06716032902956248,0.006500697484155811,0.0008085575586070593,3.710447169195356e-05,15.0,170.0,L2/3
SST,14.956521739130435,-0.03462542859611811,0.7002906976744186,-0.04487623723322841,0.005585058538731644,0.0006416298791042907,4.27018847579405e-05,15.0,97.0,L2/3
SST,13.54054054054054,-0.03810528138566927,0.5711576846307385,-0.04991866562296961,0.005781556546467231,0.000799025758749299,4.9371126361925974e-05,15.0,152.0,L2/3
SST,6.866666666666666,-0.04070534111466155,0.4881067961165049,-0.05217868929018232,0.004876916503577916,0.0006460564635452948,4.753949720845349e-05,30.0,149.0,L2/3
SST,13.383333333333333,-0.03650914096020277,0.7541095890410958,-0.04574866575355219,0.005483906567917688,0.0005525286906977413,7.139449653183126e-05,20.0,126.0,L2/3
SST,16.05,-0.03466298142652177,0.71926272066459,-0.04304396465998457,0.004805131578120148,0.0005849988622514134,4.2047613424987495e-05,15.0,100.0,L2/3
EXC,0.6333333333333333,-0.03956791021070427,1.325657894736842,-0.05862173073116448,0.005375227605212235,0.0007046998387186137,4.772990539315362e-05,15.0,143.0,L2/3
SST,4.075,-0.037664994474637746,0.5790388548057259,-0.04844739599982727,0.0039814287917889,0.00044936075601054463,4.620518810643037e-05,15.0,207.0,L2/3
VIP,7.483333333333333,-0.03634031754441591,1.3535634743875278,-0.04350786266074576,0.004340666625134365,0.0005404792242926565,4.8230216508396115e-05,10.0,155.0,L2/3
VIP,6.942857142857143,-0.03991369212086652,0.7668724279835392,-0.05239230622435317,0.006003498541093875,0.0007240614510675578,6.0587704142090346e-05,25.0,125.0,L2/3
VIP,24.3,-0.034946523976345296,0.920130315500686,-0.0430462392879783,0.0059418373138886895,0.0006459370464243658,7.233989157980762e-05,10.0,146.0,L2/3
VIP,12.529411764705882,-0.03632116692059674,0.5265258215962442,-0.05197857275476173,0.006824316628186523,0.0008866011071859691,4.424262697031181e-05,15.0,150.0,L2/3
VIP,16.8,-0.039419045594223365,0.5237103174603176,-0.052259891238772484,0.006799567263292616,0.0009928608582165516,5.769571748901456e-05,20.0,98.0,L2/3
EXC,0.23333333333333334,-0.040230288788791334,0.8785714285714284,-0.06218036539357531,0.005814744647845618,0.000829684834434506,3.707428675923759e-05,15.0,123.0,L2/3
VIP,28.40625,-0.03971199476184371,0.6087458745874587,-0.05066799485579723,0.007457867079415754,0.0010308553408868528,6.903199794203795e-05,15.0,227.0,L2/3
EXC,0.43333333333333335,-0.04118797283681505,0.8115384615384618,-0.06635099681297872,0.008099135572831503,0.0010590575392785836,6.603704516612476e-05,15.0,235.0,L2/3
VIP,9.4,-0.037865770468628226,0.8177304964539007,-0.04716911635091369,0.005069842993504334,0.0005407186235017435,6.664001982545921e-05,15.0,123.0,L2/3
EXC,0.55,-0.04138369324581151,0.7015151515151515,-0.06073892894982553,0.005283153618933185,0.0006908829957408084,6.218248028229615e-05,15.0,220.0,L2/3
VIP,4.566666666666666,-0.0420756680370973,0.6172445255474452,-0.0559115999178435,0.004991756979702652,0.000561202591710788,3.914934571287829e-05,15.0,102.0,L2/3
EXC,0.2027027027027027,-0.04380570769570504,1.0916666666666666,-0.0625538739701234,0.004169274873314459,0.0005560270181286381,4.097885878994351e-05,10.0,154.0,L2/3
VIP,4.732142857142857,-0.04196394276662824,0.5888679245283017,-0.05204696654647842,0.0052140429115873485,0.0005447652508286489,5.218636033282658e-05,10.0,147.0,L2/3
PV,11.694444444444445,-0.03802963705171601,0.30788598574821846,-0.053175273930732646,0.005965369591338931,0.0007503964692475451,9.683440028547984e-05,30.0,461.0,L4
SST,13.366666666666667,-0.045797411454677826,0.38952618453865334,-0.05058915302621787,0.002297845733633887,0.0002853237096860114,4.4182253404088055e-05,10.0,456.0,L4
EXC,1.1666666666666667,-0.039101504502681766,0.7949999999999999,-0.05904993129783133,0.005180824059783144,0.0006567099408270926,9.555319914649216e-05,25.0,473.0,L4
EXC,1.45,-0.03908588458011048,0.7982758620689654,-0.059634366573488126,0.007043195754542578,0.0010057777077059097,6.934501693572799e-05,15.0,477.0,L4
EXC,2.0166666666666666,-0.03448860653619392,1.0140495867768593,-0.04946501741984057,0.004742103607147732,0.0006559970227862351,5.8756598834988674e-05,15.0,424.0,L4
EXC,5.9714285714285715,-0.040416544289067914,0.8770334928229665,-0.057779675490408036,0.0064206540956544276,0.0008962975726332157,7.964798884326396e-05,15.0,457.0,L4
SST,16.383333333333333,-0.04833407240077717,0.37090539165818914,-0.05800414850106201,0.0045987590400562925,0.0005583064081656499,7.660841648538037e-05,20.0,514.0,L4
EXC,3.566666666666667,-0.04216365363137645,0.5495327102803738,-0.0641351736668935,0.007390037714902533,0.0009080274865426662,8.816228668373041e-05,20.0,451.0,L4
EXC,0.75,-0.04096982920405383,0.8911111111111112,-0.0583707699408556,0.004984450075279156,0.000648735195449657,4.091377320970619e-05,15.0,521.0,L4
PV,45.13333333333333,-0.04091760516978739,0.3259047267355982,-0.049635465546069964,0.0051511579384310125,0.0005407837158216764,0.0001178828494039093,25.0,507.0,L4
EXC,3.9166666666666665,-0.04003805814814134,1.1680851063829787,-0.05538954950473343,0.006582966823708557,0.0009130439805564569,5.369460995489052e-05,15.0,528.0,L4
PV,5.4,-0.04130709257548223,0.48981481481481487,-0.0586907535869609,0.006782936310175129,0.0009485064549201402,8.099172273138644e-05,15.0,490.0,L4
EXC,0.7333333333333333,-0.045479732066742946,0.4875,-0.057393552985996694,0.002790151296871644,0.00033143225584262236,3.514316200685537e-05,10.0,476.0,L4
PV,7.333333333333333,-0.039592925449911706,0.3131818181818181,-0.05758931545855839,0.006738741831709033,0.0008215844866392973,9.944113974316634e-05,35.0,497.0,L4
PV,6.233333333333333,-0.04171147344776009,0.3485294117647059,-0.050885988070459263,0.003351062145968924,0.0003833178618030595,6.9139963201036e-05,20.0,547.0,L4
EXC,0.7166666666666667,-0.041168929346436414,0.9813953488372092,-0.06669607345946979,0.005867611705231981,0.0007666773206150109,5.347304955723039e-05,10.0,538.0,L4
EXC,0.7666666666666667,-0.03831167800778505,1.1989130434782609,-0.0575080791306997,0.0054569715029153115,0.000641720272451526,9.277102128300834e-05,10.0,364.0,L2/3
EXC,0.25,-0.04222387772497847,1.0,-0.06228452844417084,0.005575709233302523,0.0007495362046138351,4.1793669152456865e-05,10.0,496.0,L4
EXC,0.125,-0.04520488688902994,1.6733333333333333,-0.06698328376198727,0.004505955387571163,0.0005499236826428197,5.0957486366541896e-05,10.0,467.0,L4
EXC,1.8166666666666667,-0.03907844901645367,0.794954128440367,-0.06006138642038128,0.005877128938047058,0.0007732315851360948,7.019405436759188e-05,10.0,470.0,L4
SST,1.3,-0.04123877694065188,0.46089743589743587,-0.0525851388364514,0.003480667039331576,0.0003248384519384252,4.195905104355658e-05,10.0,529.0,L4
SST,5.916666666666667,-0.04193199937273122,0.5540845070422534,-0.04861100741489559,0.0029988196503582315,0.000319530290507653,4.945512257321783e-05,15.0,467.0,L4
EXC,0.6666666666666666,-0.037129116571986844,0.9512499999999999,-0.06079551916942161,0.005440939079091541,0.0006189778140188316,4.3249615518090265e-05,15.0,491.0,L4
SST,4.633333333333334,-0.03760733991313262,0.5816546762589928,-0.04470415964308909,0.0028266521003668687,0.000330311885912374,5.557536813577653e-05,15.0,429.0,L2/3
SST,8.316666666666666,-0.04148082818910441,0.4712424849699399,-0.05156399852024498,0.004325154444445119,0.0005054338391695561,8.658126152621228e-05,25.0,427.0,L2/3
SST,3.4166666666666665,-0.04242711287701443,0.6078048780487804,-0.0507487276573956,0.00322599112046362,0.00038148720625381455,6.149715209047342e-05,10.0,387.0,L2/3
PV,20.73949579831933,-0.03969278376743939,0.2859400324149109,-0.05359369693216344,0.007075394301209554,0.0009482867254334707,0.00011283471339490769,25.0,231.0,L2/3
SST,2.55,-0.04244525009778119,0.5385620915032681,-0.05371505275034609,0.0042224009372513,0.00044391031558957167,3.7987413293515934e-05,15.0,141.0,L2/3
SST,0.574468085106383,-0.04041421804548843,0.7666666666666666,-0.05442040627668562,0.0035863572213078645,0.00031603508199242424,3.263712732482656e-05,10.0,135.0,L2/3
EXC,0.3333333333333333,-0.03619639114612293,1.1424999999999998,-0.0564772377517241,0.006918578925082078,0.001010273008210398,3.938080902995978e-05,10.0,120.0,L2/3
EXC,0.8,-0.03636663021941724,0.9625,-0.05142367851162741,0.0046770330385074175,0.0005701297439615057,4.0986862255725855e-05,10.0,124.0,L2/3
SST,3.1083333333333334,-0.0396553582382979,0.4639410187667561,-0.05513676445646506,0.005155767152426825,0.0005773579572623027,8.541104489231077e-05,20.0,135.0,L2/3
SST,2.3833333333333333,-0.041893294045013435,0.49440559440559445,-0.05032043060039483,0.0035905824967061182,0.0004948212335113384,4.3718608210536504e-05,20.0,263.0,L2/3
SST,14.2,-0.039846332897735814,0.5696009389671362,-0.048826547820345886,0.004658375477078029,0.0005508843694762588,8.687324771759238e-05,20.0,292.0,L2/3
SST,1.2666666666666666,-0.04274853771335377,0.563815789473684,-0.05519166426482561,0.003708279092417813,0.0004839561992660735,6.442546627869887e-05,20.0,399.0,L2/3
SST,3.0,-0.042882947785632085,0.4847222222222223,-0.052965350313072763,0.003633630717162411,0.00046763385690507154,6.890200770902598e-05,15.0,474.0,L4
SST,2.2666666666666666,-0.04296426982971366,0.5286764705882353,-0.051129361813022293,0.0031492428118447225,0.00041238320806220646,4.604985789797921e-05,15.0,410.0,L2/3
PV,38.575,-0.043438211877583024,0.3384100237632318,-0.0528003439748696,0.005860903698693559,0.0007193174384603539,0.00010816346482377532,25.0,490.0,L4
PV,25.7,-0.04204627299384365,0.3698767833981842,-0.05028121502511346,0.004234412645275262,0.0004892640411338613,0.00011052391356322088,25.0,445.0,L2/3
PV,20.933333333333334,-0.04447569053118059,0.45879777070063693,-0.05182894196504402,0.004199768226912521,0.0004136145211182602,0.00012787652625801229,15.0,480.0,L4
SST,18.658333333333335,-0.04768645330322544,0.5102501116569897,-0.052892077246336176,0.0029575195912646835,0.00029877037014798704,6.930452052094714e-05,10.0,452.0,L4
SST,21.8,-0.04331875986803323,0.49594801223241586,-0.049048172563245555,0.0034795426555178526,0.00043343504685130677,6.753909142089415e-05,10.0,450.0,L4
SST,4.216666666666667,-0.03926939988183757,0.6221343873517787,-0.04611043292264507,0.0029059639347273933,0.00035597838341237337,5.1239990652680895e-05,10.0,451.0,L4
EXC,4.116666666666666,-0.043898675329063774,0.870242914979757,-0.056514489413075075,0.0047342420327340816,0.0006399449726778413,4.9762137999808265e-05,10.0,568.0,L5
EXC,2.9166666666666665,-0.04181691956859649,0.9997142857142857,-0.05480364065635235,0.005043958554226703,0.0006973870270514773,4.9015525452817126e-05,10.0,616.0,L5
SST,1.9666666666666666,-0.041631458071213504,0.7165254237288137,-0.05632945530684906,0.005158466449513596,0.0005215768430952871,6.324992464000838e-05,10.0,220.0,L2/3
EXC,1.7166666666666666,-0.03922558006998676,1.5247572815533978,-0.05592596774806287,0.006159572343240163,0.0007308955971232883,4.802401930885999e-05,20.0,220.0,L2/3
EXC,1.6,-0.042315479336370816,1.0760416666666668,-0.06244022202223331,0.005978641975058818,0.0008189354084334931,5.666421433948531e-05,10.0,333.0,L2/3
SST,6.133333333333334,-0.03927105646294811,0.9456521739130435,-0.04557403006938739,0.003594365449994619,0.0004249995579836571,4.192415345700414e-05,15.0,437.0,L4
EXC,1.1833333333333333,-0.043367751421873255,0.8598591549295774,-0.062154179877622846,0.0054612341029420235,0.0006919001171454399,7.345778574409079e-05,10.0,327.0,L2/3
SST,0.3888888888888889,-0.04539436113482206,0.6228571428571428,-0.05588768968626476,0.0030035843551761247,0.00037972234809811525,4.988893339389709e-05,10.0,337.0,L2/3
EXC,11.65,-0.036898579376418834,2.056366237482117,-0.04818831851039592,0.00635025169387245,0.0008381125279429611,7.585754281967213e-05,10.0,630.0,L5
EXC,3.216666666666667,-0.042579164781414845,1.8848445595854921,-0.05261635916401086,0.00388601737857052,0.0005509867442154957,3.706393220462733e-05,10.0,607.0,L5
EXC,6.033333333333333,-0.040999859576657506,1.4259668508287293,-0.05054358915849038,0.004797764550578396,0.0006109956886632116,4.29023195035907e-05,10.0,533.0,L5
EXC,9.833333333333334,-0.0420270372433298,1.4476271186440681,-0.04833788590117457,0.0032795387502688646,0.00039393787431089204,5.3635281518239774e-05,10.0,557.0,L4
SST,2.966666666666667,-0.046483259189058504,0.6790730337078652,-0.05595268358545014,0.0037630176488476635,0.0004808031454353061,6.0870179472351536e-05,10.0,531.0,L5
EXC,0.5666666666666667,-0.04204226375675953,1.5495098039215687,-0.055725616184164946,0.0034186909449216915,0.0004006618739027292,3.056615416613719e-05,10.0,582.0,L5
EXC,0.31666666666666665,-0.042804269139328756,1.3921052631578947,-0.06590065843095007,0.007073192180478503,0.0008851298803395221,4.1768743776000835e-05,10.0,341.0,L2/3
SST,0.85,-0.0429219926604658,0.7088235294117649,-0.05341182812311934,0.002829324890323054,0.00037579012849297134,4.420981876079245e-05,10.0,403.0,L4
SST,2.8333333333333335,-0.04352545286576282,0.726764705882353,-0.05161365062122025,0.0033361008894892525,0.00035596734586100244,4.676432269337788e-05,15.0,470.0,L4
SST,7.5,-0.03983437642714703,0.9957777777777779,-0.04775920540117013,0.004406954065922157,0.00048449794412243824,5.6208457010885916e-05,10.0,410.0,L4
SST,7.35,-0.03874282815463662,1.0267573696145125,-0.04596070738696004,0.0042591124449284385,0.0004392902968158629,4.2896923070373376e-05,10.0,439.0,L2/3
SST,5.7,-0.0421256686814968,1.2399122807017544,-0.04956749283280535,0.004246118538832794,0.0005181414463993401,4.970034301550709e-05,10.0,288.0,L2/3
EXC,2.55,-0.040163802659238836,2.4392156862745096,-0.056517185275806445,0.006235820143419157,0.0008558270227233265,4.5965942392395204e-05,10.0,219.0,L2/3
SST,3.0833333333333335,-0.038698611663020674,1.0281081081081083,-0.04709035065688361,0.003771505395954699,0.0004615005955251704,4.526680839069484e-05,15.0,314.0,L2/3
PV,30.633333333333333,-0.04295041701735023,0.3519858541893362,-0.05306414294318819,0.006856898190950448,0.0009589813392315644,9.063532438777362e-05,20.0,357.0,L2/3
PV,31.833333333333332,-0.043008068766067914,0.7739659685863874,-0.04885555599276183,0.005491276238124558,0.0006989361744924108,8.061366776909197e-05,10.0,242.0,L2/3
PV,32.68333333333333,-0.0404182193180026,0.7697603263641,-0.04751804355167822,0.006480783170560133,0.0009008348861843647,6.763636997540394e-05,10.0,213.0,L2/3
EXC,8.25,-0.0429933260669759,0.6582828282828284,-0.05297925227533046,0.005060207660795484,0.0006804232138708359,6.545455452654988e-05,10.0,300.0,L2/3
SST,15.91304347826087,-0.03813028095519997,1.150068306010929,-0.04729284181106804,0.006179251808962018,0.0006601652853590359,4.949129488193843e-05,15.0,215.0,L2/3
SST,2.2,-0.03986485458340549,1.3299242424242426,-0.04965871688940789,0.004074215960774219,0.0004950459569355146,4.330611233724175e-05,10.0,354.0,L2/3
EXC,0.2833333333333333,-0.03575470516321521,1.638235294117647,-0.0531181177256082,0.004346839910700608,0.0004778396531201303,4.5715042228597184e-05,10.0,256.0,L2/3
SST,2.45,-0.044153765034451085,0.6743197278911565,-0.05438321560158513,0.0034456144694477698,0.0004246729506336557,5.5216348558258246e-05,15.0,156.0,L2/3
SST,28.65,-0.036558772618717,0.6562245491564864,-0.04363801281392239,0.005023925127496575,0.000698265521528824,7.467325749059088e-05,15.0,381.0,L2/3
SST,4.666666666666667,-0.04044444311505604,0.5891071428571428,-0.05089645154517638,0.004122078239179053,0.0005361270233882506,5.6295137170612666e-05,15.0,266.0,L2/3
PV,18.466666666666665,-0.04444082331246931,0.5275270758122743,-0.05117926621270344,0.004230560427720389,0.0005822513717790782,7.997612948778624e-05,10.0,198.0,L2/3
PV,103.68333333333334,-0.03886086116601443,0.4282671596206398,-0.04501150142152967,0.0051212291822881565,0.0006339813767437348,4.290277330065545e-05,20.0,440.0,L4
PV,20.133333333333333,-0.04275583771321723,0.41250000000000003,-0.05303312785040664,0.005936261870001541,0.0008170832980740652,9.783034274617193e-05,20.0,432.0,L4
PV,14.383333333333333,-0.03947940303536919,0.4129779837775204,-0.04901480169552686,0.004830080409598022,0.0005236125749463645,0.00011762550212257438,20.0,523.0,L4
SST,3.8181818181818183,-0.037320273843194335,1.9077380952380956,-0.05189082136371907,0.00574568414236702,0.0006414047198670884,4.5169097685911146e-05,10.0,496.0,L4
PV,33.45,-0.03512811060439634,0.5380667663178874,-0.04117754602453469,0.0040867951817715525,0.0005239227147851189,7.560395240215953e-05,15.0,500.0,L5
EXC,3.8555555555555556,-0.03778828478087187,1.239193083573487,-0.04980733808307806,0.004983435167168304,0.000664032795468357,5.038570848192806e-05,10.0,601.0,L5
EXC,7.85,-0.03481391090644743,3.3991507430997876,-0.045057822266654696,0.007057091571167455,0.0010026261063087612,5.046889379528048e-05,10.0,586.0,L5
SST,9.94,-0.042919535753129776,0.845271629778672,-0.047532937592005914,0.003062292630777324,0.00036390577131507375,4.226234375374946e-05,10.0,550.0,L5
VIP,41.7,-0.03878826965088651,1.0264388489208633,-0.04514485905907108,0.005749677048725531,0.0007495456227156227,6.75788262481395e-05,10.0,550.0,L5
VIP,18.683333333333334,-0.04004116178037537,0.8022301516503122,-0.047987466728842486,0.00519563855188307,0.0006783309987675621,5.502493558809552e-05,10.0,571.0,L5
VIP,27.75,-0.04519299723650416,1.1218918918918919,-0.05386812136089888,0.007461755374368315,0.0010632723806774191,8.27701951816543e-05,15.0,551.0,L5
EXC,3.8333333333333335,-0.04584537431645219,2.1469565217391304,-0.05366468052455881,0.003033851124152834,0.0004917120619196268,1.8662452193214045e-05,10.0,650.0,L5
EXC,4.958333333333333,-0.04439626527698014,1.5852941176470587,-0.05525538629277544,0.006618827422847229,0.0009752055894349113,3.905875549791858e-05,10.0,665.0,L5
EXC,1.1611111111111112,-0.04068549499115451,1.740909090909091,-0.053933812958601855,0.004732868170203328,0.0006212521437091198,3.5072825180720045e-05,15.0,560.0,L5
PV,22.016666666666666,-0.04318795743567818,0.476987130961393,-0.05384459826064712,0.007070153694346297,0.0008884723295778397,9.973688000719505e-05,20.0,340.0,L2/3
PV,6.1,-0.0429245904861717,0.6872950819672131,-0.051589456537401684,0.003941970276593866,0.0004957168467073771,7.022349042203178e-05,10.0,360.0,L4
EXC,0.25,-0.043335,0.95,-0.06257134880078123,0.004478964086524024,0.0006410138231255979,3.3676793590083446e-05,10.0,330.0,L2/3
EXC,0.125,-0.03414322916666667,1.4750000000000003,-0.060533454445312496,0.004611728512138641,0.0005273520990035453,3.358828648361838e-05,10.0,170.0,L2/3
EXC,0.35,-0.040802232142857144,1.4642857142857142,-0.06113865857031252,0.004978208855623394,0.0007110463339776045,5.882500795691867e-05,10.0,300.0,L2/3
EXC,3.1,-0.038924411962365596,1.1045698924731184,-0.054523853046874994,0.006237583798188379,0.0007205666715823817,5.709189433118278e-05,10.0,320.0,L2/3
EXC,0.375,-0.040271458333333336,2.436666666666667,-0.056205074373046865,0.005043418558125715,0.0005917547105659865,2.5830744716372603e-05,10.0,160.0,L2/3
EXC,0.5,-0.04053625,1.1025000000000003,-0.059758958863281246,0.005032604809654338,0.0006401256010664061,7.437044762156889e-05,10.0,300.0,L2/3
EXC,0.0,0.0,0.0,-0.06866278462500001,0.006043327511631011,0.0006893440335442109,2.4763445255600388e-05,10.0,190.0,L2/3
EXC,0.05,-0.042909375,1.25,-0.06720609793750001,0.006052870931420214,0.0007410220537674111,4.192725203997745e-05,10.0,150.0,L2/3
EXC,0.025,-0.019440625,0.6,-0.0625780537265625,0.004076345567381566,0.0005401188649690594,3.232567939817516e-05,10.0,198.0,L2/3
EXC,0.15,-0.046335416666666664,2.6666666666666665,-0.06445432590625001,0.005386584368738001,0.0007392272204383148,5.1625912658118975e-05,10.0,225.0,L2/3
EXC,0.1,-0.0386140625,0.7749999999999999,-0.06369268445312501,0.0038609869379611357,0.00045578968436591166,6.33563807908679e-05,10.0,335.0,L2/3
EXC,0.4,-0.045289062500000005,2.0125,-0.06212257693554689,0.00659592397773227,0.0007827055192724628,2.6538680457199548e-05,10.0,140.0,L2/3
EXC,0.15,-0.04305833333333333,3.0833333333333335,-0.05749230277734377,0.004526609621710744,0.0005193650425460646,4.443715268333395e-05,10.0,250.0,L2/3
EXC,0.85,-0.037296507352941176,1.4529411764705882,-0.05847370163281251,0.008932487677161184,0.0010910609323865742,4.3967662886173234e-05,10.0,250.0,L2/3
EXC,0.15,-0.03474010416666667,1.6916666666666667,-0.04669928889411095,0.002859326444604898,0.00037424489794622354,3.27418513558735e-05,10.0,244.0,L2/3
EXC,0.1,-0.029183854166666665,1.2333333333333334,-0.04917787643229168,0.004799622098487779,0.0005129214497214418,5.788173885229242e-05,10.0,350.0,L2/3
EXC,3.25,-0.028421923076923077,0.5638461538461538,-0.038375156066406256,0.00519625489066976,0.0005178066042933489,4.2924851881509864e-05,10.0,229.0,L2/3
EXC,0.0,0.0,0.0,-0.055530250619328585,0.002618326322530554,0.0003406413637543087,2.0512058563453972e-05,10.0,197.0,L2/3
EXC,0.12777777777777777,-0.029399217638586248,1.305357142857143,-0.05584978104890215,0.004464835690181648,0.0005714227645855753,4.8249484652891636e-05,10.0,223.0,L2/3
EXC,0.42,-0.03995922571491627,1.0333333333333334,-0.05622121321806032,0.003967732821925812,0.0004568519228154264,5.4983399799470736e-05,10.0,396.0,L2/3
EXC,0.125,-0.042782670056278053,1.6590909090909092,-0.06690864181249519,0.004325912882239011,0.0005572699577658931,2.7882657072324656e-05,10.0,305.0,L2/3
EXC,0.9785714285714285,-0.04160374112046548,1.179197080291971,-0.05568145524159169,0.004009783494296207,0.0004789397771362854,5.533701091268294e-05,10.0,348.0,L2/3
VIP,15.361202369632434,-0.03527129372395567,1.1029752770673489,-0.04735107669999096,0.008092275495811088,0.0007820525675548461,7.30157327589461e-05,5.0,145.0,L2/3
VIP,0.05,-0.04533020499999999,0.7333333333333334,-0.05828680495392211,0.001825145445579796,0.00019337656202174098,2.7899258497679372e-05,5.0,157.0,L2/3
VIP,1.6055555555555556,-0.03506179708823529,2.4519031141868513,-0.05341693952199192,0.007625301256801091,0.0010249295442694316,2.836287450704289e-05,5.0,130.0,L2/3
VIP,6.28,-0.0400690452096603,1.0288747346072187,-0.053170925171533434,0.006344584723242107,0.0006189390624581475,4.389426522865573e-05,5.0,150.0,L2/3
VIP,5.6433333333333335,-0.041210412356172475,1.3004134672179561,-0.05262722580424458,0.006214380042966478,0.0007849406317461453,4.099824297086212e-05,5.0,153.0,L2/3
VIP,8.53888888888889,-0.045118731718282366,0.8552700065061808,-0.053958574275045135,0.004271120737203228,0.0004996397610972736,4.444456222151632e-05,5.0,130.0,L2/3
VIP,6.979166666666667,-0.04516086753014925,0.7594626865671641,-0.05295765732226944,0.003026637804204174,0.0003319359184365552,4.736849061544154e-05,5.0,128.0,L2/3
VIP,0.005208333333333333,-0.009315295999999999,0.13947368421052633,-0.05145583940178945,0.0013329944386239363,0.00015306451947633726,1.9506055576527093e-05,5.0,113.0,L2/3
VIP,3.341666666666667,-0.04380512521046078,0.722104607721046,-0.05679485208038557,0.002602308279643418,0.0003211170152988307,3.0392329869889362e-05,5.0,110.0,L2/3
VIP,7.17,-0.038678565189679215,0.9598558809855879,-0.046029172312386894,0.0030889710152398634,0.000331427084897169,4.850299365257293e-05,5.0,175.0,L2/3
VIP,6.233333333333333,-0.04542175632887701,0.7862834224598931,-0.05533498691412553,0.003917827325892342,0.0005124674600500645,5.03786218395458e-05,5.0,122.0,L2/3
PV,20.15,-0.038273467207609595,0.34098428453267166,-0.052009348940495824,0.00692598222437586,0.0007221075891233708,9.523454738833474e-05,25.0,213.0,L2/3
SST,6.25,-0.04771587593392592,0.5850814814814814,-0.05702902944910462,0.0039047390547002725,0.0004950328779852681,6.537575427361918e-05,20.0,196.0,L2/3
SST,14.5,-0.03990032409628647,0.6489124668435013,-0.048532495343536125,0.005126790455301922,0.0006248800723182986,8.864825134033611e-05,20.0,194.0,L2/3
SST,2.61,-0.0447257661954023,0.5915708812260537,-0.056313826717306004,0.00410552493603381,0.0004776830661648935,5.750980376504796e-05,20.0,208.0,L2/3
PV,45.32272727272727,-0.041269641653595424,0.4295857988165681,-0.05049830870719034,0.00610558044263827,0.000815304124518353,9.223106003401432e-05,25.0,216.0,L2/3
PV,34.833333333333336,-0.040959693493779904,0.2854545454545454,-0.05165352219374583,0.0068152909507021055,0.0009601482440741531,8.179073403559961e-05,25.0,205.0,L2/3
PV,42.578125,-0.0402227256747156,0.3797908256880734,-0.05059248417591789,0.006654757346952048,0.0008959018456384429,8.916636801639238e-05,25.0,,L2/3
PV,42.435,-0.04369460938647343,0.3956934134558737,-0.0523936769319099,0.005834069277797115,0.0007646267294642688,8.861516306890313e-05,25.0,232.0,L2/3
PV,32.85,-0.039010361716894974,0.40733975985117543,-0.04913660007150266,0.005956637006563053,0.0007602298179196265,0.00010432822245478625,25.0,192.0,L2/3
SST,0.95,-0.03858858570526316,1.7789473684210533,-0.06053513325182225,0.00651640830813204,0.0008503594786209843,4.4181623328949325e-05,20.0,178.0,L2/3
SST,4.24375,-0.03652880147864507,0.7537555228276878,-0.04920175209873453,0.00456938370455174,0.00047542585576302134,7.439362561052662e-05,20.0,128.0,L2/3
SST,0.5,-0.04595749966666667,0.5016666666666667,-0.060371763492316655,0.0033653160691724773,0.0004764021766878296,3.712808177157521e-05,20.0,192.0,L2/3
SST,1.27,-0.044720776328125,0.568359375,-0.06365537833265249,0.004052571153772913,0.0004841883506488751,6.793123184148625e-05,20.0,210.0,L2/3
SST,6.425,-0.042256189105058364,0.6745136186770428,-0.050838644130437496,0.0035920524442590177,0.0004169043222234586,3.9199663850506184e-05,20.0,204.0,L2/3
SST,5.5625,-0.04125332156629214,0.7748314606741572,-0.04971706032128688,0.0038607412436421646,0.0004250249318934757,2.8394420504131406e-05,20.0,176.0,L2/3
SST,0.4,-0.0442171248,0.612,-0.05833390401048668,0.0028418764527512515,0.00033827960082968893,2.8239109314447477e-05,20.0,160.0,L2/3
PV,33.46,-0.042586908811416614,0.42319187089061566,-0.05130267534093676,0.006347126596225229,0.0008674821370718488,8.973177386908325e-05,25.0,196.0,L2/3
PV,20.5,-0.044699735733333336,0.5133739837398373,-0.055808341587495404,0.006227138701789796,0.0008421135284555857,0.0001062740169118083,25.0,188.0,L2/3
PV,18.75,-0.040905100056,0.5329333333333333,-0.04946957560211625,0.005034024272074852,0.0006543757317292723,0.00010432107639177476,25.0,,L2/3
PV,29.116666666666667,-0.044226191852360514,0.3902861230329042,-0.05517982722371354,0.004857357126900701,0.0006408298028680407,9.497493814575406e-05,25.0,158.0,L2/3
